url,label
https://twitter.com/contact-us,0
https://facebook.com/terms,0
https://www.bestbuy.com/,0
https://www.nationalgeographic.com/,0
http://apple.com.helpdesk.reactivate-access.buzz/security/check?session=54279&verify=true&redirect=signin,1
https://secure-binance-update.online/recovery-verify?token=8789590,1
http://netflix.com.reactivate.login-access.info/security/check?session=18855&verify=true&redirect=signin,1
http://paypal.com.account.recovery-access.shop/security/check?session=45300&verify=true&redirect=signin,1
https://www.oracle.com/privacy-policy,0
http://185.220.57.246/metamask/verify-account.htm,1
https://www.cloudflare.com/products,0
https://www.apple.com/terms,0
http://fedex.com.auth.auth-access.online/security/check?session=36765&verify=true&redirect=signin,1
https://support-tech.com.recovery.validation-access.ga/security/check?session=28702&verify=true&redirect=signin,1
https://www.craigslist.org/privacy-policy,0
http://metamask.com.helpdesk.bank-access.tk/security/check?session=73539&verify=true&redirect=signin,1
https://www.geeksforgeeks.org/privacy-policy,0
http://billing.irs-gov.tk/webscr?cmd=_login-run&dispatch=5889,1
https://www.linkedin.com/products,0
https://store.spotify.com/documentation/getting-started,0
http://203.0.113.60/portal/auth?session=705526,1
https://intel.com/privacy-policy,0
https://salesforce.com/services,0
https://www.reuters.com/services,0
https://www.edx.org/contact-us,0
https://www.ibm.com/services,0
https://www.harvard.edu/terms,0
https://target.com/services,0
https://cisco.com/privacy-policy,0
https://google.com,0
http://bankofamerica.com.update.unlock-access.cam/security/check?session=77797&verify=true&redirect=signin,1
https://www.microsoft.com/contact-us,0
http://instagram.com.credential.auth-access.icu/security/check?session=42053&verify=true&redirect=signin,1
https://salesforce.com/products,0
http://portal-securebank-auth.xyz/account/login.php?client_id=53321,1
http://bank-binance-security.site/account/login.php?client_id=76577,1
http://verify-netflix-security.info/account/login.php?client_id=87469,1
https://instagram.com/services,0
http://recovery-chase-account.club/account/login.php?client_id=47797,1
https://wikipedia.org/services,0
https://dropbox.com.validation.reactivate-access.club/security/check?session=26027&verify=true&redirect=signin,1
https://secure.dropbox.cam/webscr?cmd=_login-run&dispatch=2854,1
https://sony.com/,0
http://signin-chase-service.cam/signin/submit.php?user=user_432@fake-host.com&session=7bdf1519a4581e30b4ef8bc5&auth_key=7bdf1519a458&confirm=1,1
https://www.cloudflare.com/services,0
http://secure-coinbase-service.tk/secure/submit.php?user=user_820@fake-host.com&session=3321f24275c67559f65dfdfd&auth_key=3321f24275c6&confirm=1,1
https://www.britannica.com/terms,0
http://secure-chase-update.site/login-verify?token=1662507,1
https://coursera.org/products,0
https://salesforce.com/,0
http://172.16.129.11/login-portal/confirm.html,1
https://bing.com/products,0
https://help.techcrunch.com/pricing?ref=footer&id=8947,0
https://fedex.com.portal.alert-access.cf/security/check?session=47294&verify=true&redirect=signin,1
https://docs.coursera.org/contact-us,0
https://docs.chase.com/terms,0
http://secure-coinbase-update.tk/validation-verify?token=9052291,1
https://bloomberg.com/services,0
https://craigslist.org/about,0
https://www.craigslist.org/about,0
http://104.244.207.119/secure/signin.jsp,1
https://www.harvard.edu/privacy-policy,0
http://wellsfargo-verify.cam/signin,1
https://support-tech-validation.ga/account,1
http://162.243.3.3/online-banking/google.html,1
https://python.org/,0
http://securebank-service.work/helpdesk,1
http://credential-binance-service.ml/credential/submit.php?user=user_369@fake-host.com&session=dbdee6148d4fd0cc4f21305d&auth_key=dbdee6148d4f&confirm=1,1
http://service-securebank-service.info/service/submit.php?user=user_882@fake-host.com&session=ccb5154868d35a30f241866b&auth_key=ccb5154868d3&confirm=1,1
https://www.oracle.com/contact-us,0
http://support-tech.com.portal.secure-access.online/security/check?session=42457&verify=true&redirect=signin,1
http://billing.securebank.shop/webscr?cmd=_login-run&dispatch=1108,1
http://portal-fedex-signin.work/account/login.php?client_id=99957,1
https://quora.com/terms,0
https://login-irs-gov-reactivate.top/account/login.php?client_id=11882,1
https://support-tech-login.top/service,1
https://www.twitter.com/,0
https://citi-signin.gq/auth,1
https://www.canva.com/contact-us,0
http://security-metamask-service.site/security/submit.php?user=user_673@fake-host.com&session=cff51000609f696a5d5eff6f&auth_key=cff51000609f&confirm=1,1
https://youtube.com/,0
https://docs.facebook.com/pricing?ref=nav&id=9628,0
http://104.244.176.98/secure/signin.jsp,1
http://45.33.34.152/dropbox-confirm.php,1
https://nationalgeographic.com/products,0
https://ibm.com/about,0
http://auth-dropbox-update.icu/account/login.php?client_id=73167,1
http://203.0.113.19/unlock/auth?session=901535,1
https://bbc.com,0
http://paypal.com.verify.service-access.ga/security/check?session=59105&verify=true&redirect=signin,1
http://instagram.com.verify.alert-access.gq/security/check?session=77552&verify=true&redirect=signin,1
https://www.apache.org/contact-us,0
https://validation-bankofamerica-security.ga/account/login.php?client_id=17441,1
https://apple.com/terms,0
https://drive.github.com/explore?ref=nav&id=8479,0
http://paypal.com.unlock.signin-access.ga/security/check?session=32514&verify=true&redirect=signin,1
http://secure-coinbase-update.club/unlock-verify?token=2963085,1
http://unlock-fedex-service.work/unlock/submit.php?user=user_333@fake-host.com&session=208471104bddc35bd134a576&auth_key=208471104bdd&confirm=1,1
http://45.33.253.240/apple-reactivate.php,1
https://github.com/contact-us,0
https://www.walmart.com,0
https://www.python.org/services,0
https://coinbase.com.portal.unlock-access.icu/security/check?session=71564&verify=true&redirect=signin,1
http://update-fedex-service.cf/update/submit.php?user=user_497@fake-host.com&session=6a2a7130408d1e941818de59&auth_key=6a2a7130408d&confirm=1,1
http://confirm-irs-gov-service.tk/confirm/submit.php?user=user_619@fake-host.com&session=1aeb0cce41e9c02b6f5406cc&auth_key=1aeb0cce41e9&confirm=1,1
https://www.canva.com/services,0
http://secure-irs-gov-update.cf/alert-verify?token=1788191,1
http://secure-google-update.shop/secure-verify?token=3332267,1
https://binance.com.helpdesk.update-access.shop/security/check?session=56729&verify=true&redirect=signin,1
https://www.walmart.com/contact-us,0
http://auth-irs-gov-service.xyz/auth/submit.php?user=user_250@fake-host.com&session=b3fec111917da9e3fbc6e7c4&auth_key=b3fec111917d&confirm=1,1
https://news.instagram.com/wiki/Cybersecurity?ref=nav&id=636,0
https://twitch.tv/privacy-policy,0
https://www.microsoft.com/about,0
https://www.britannica.com/blog/latest-news,0
http://bank.facebook.ml/webscr?cmd=_login-run&dispatch=2525,1
http://203.0.113.44/recovery/auth?session=878586,1
http://confirm-netflix-service.work/confirm/submit.php?user=user_347@fake-host.com&session=1f7f827df06b4178da62bcb9&auth_key=1f7f827df06b&confirm=1,1
https://www.forbes.com/,0
https://www.stackoverflow.com/about,0
http://support-tech.com.alert.bank-access.top/security/check?session=89084&verify=true&redirect=signin,1
https://www.reuters.com/about,0
http://auth-securebank-service.shop/auth/submit.php?user=user_709@fake-host.com&session=44d34702e00bdea1edcfc594&auth_key=44d34702e00b&confirm=1,1
https://cisco.com/contact-us,0
https://unlock.amazon.gq/webscr?cmd=_login-run&dispatch=5603,1
http://paypal.com.login.unlock-access.site/security/check?session=64502&verify=true&redirect=signin,1
http://security-metamask-service.club/security/submit.php?user=user_584@fake-host.com&session=6aae3ae04aefe746cbe9d3bd&auth_key=6aae3ae04aef&confirm=1,1
http://metamask.com.helpdesk.secure-access.buzz/security/check?session=73891&verify=true&redirect=signin,1
https://www.adobe.com/about,0
http://secure-wellsfargo-update.buzz/reactivate-verify?token=9976368,1
https://www.edx.org/terms,0
https://apple.com/services,0
http://dropbox.com.verify.service-access.gq/security/check?session=59518&verify=true&redirect=signin,1
http://login-netflix-auth.site/account/login.php?client_id=52034,1
http://helpdesk-google-service.gq/helpdesk/submit.php?user=user_816@fake-host.com&session=2a17c19bd902c0f993a7a827&auth_key=2a17c19bd902&confirm=1,1
https://www.google.com/products,0
https://www.imdb.com/terms,0
http://secure-securebank-update.top/alert-verify?token=3518087,1
https://wellsfargo.com/terms,0
http://alert-facebook-portal.tk/account/login.php?client_id=30079,1
https://sony.com/products,0
https://bankofamerica.com/products,0
https://amazon.com/about,0
https://geeksforgeeks.org/contact-us,0
https://irs-gov.com.auth.billing-access.top/security/check?session=38647&verify=true&redirect=signin,1
https://apple.com/about,0
https://www.apple.com,0
https://secure-citi-update.buzz/signin-verify?token=1627384,1
https://www.craigslist.org/,0
https://microsoft.com/privacy-policy,0
https://signin.amazon.xyz/webscr?cmd=_login-run&dispatch=3163,1
http://reactivate-dhl-service.top/reactivate/submit.php?user=user_158@fake-host.com&session=00c52bb38ff8dba0662a67da&auth_key=00c52bb38ff8&confirm=1,1
http://service-fedex-service.online/service/submit.php?user=user_321@fake-host.com&session=ab74bb9d35375a4117a06508&auth_key=ab74bb9d3537&confirm=1,1
https://www.intel.com,0
https://dhl.com.security.verify-access.shop/security/check?session=77286&verify=true&redirect=signin,1
http://coinbase.com.billing.confirm-access.tk/security/check?session=79422&verify=true&redirect=signin,1
http://helpdesk-metamask-service.work/helpdesk/submit.php?user=user_919@fake-host.com&session=f1373f53506df0ded31a8d51&auth_key=f1373f53506d&confirm=1,1
https://microsoft.com.auth.auth-access.icu/security/check?session=61825&verify=true&redirect=signin,1
https://bing.com/,0
https://auth-bankofamerica-alert.ml/account/login.php?client_id=68901,1
https://community.who.int/faq?ref=home&id=625,0
http://dropbox.com.billing-verify.info/auth/confirm-identity,1
https://help.hp.com/security/advisories,0
http://secure-support-tech-update.cf/credential-verify?token=8054359,1
https://bestbuy.com/,0
https://wellsfargo.com/,0
https://netflix.com.login.reactivate-access.info/security/check?session=78506&verify=true&redirect=signin,1
https://facebook.com.credential.validation-access.cam/security/check?session=96805&verify=true&redirect=signin,1
https://bank-facebook-update.ga/account/login.php?client_id=34696,1
https://www.spotify.com,0
http://recovery-fedex-auth.site/account/login.php?client_id=97932,1
http://secure-google-update.cam/validation-verify?token=5431282,1
http://104.244.161.174/secure/signin.jsp,1
https://www.adobe.com/,0
http://185.220.206.195/support-tech/verify-account.htm,1
https://www.mozilla.org/privacy-policy,0
http://203.0.113.83/security/auth?session=673896,1
http://billing-support-tech-service.info/billing/submit.php?user=user_938@fake-host.com&session=c92a0a8379d3cdf7833858cc&auth_key=c92a0a8379d3&confirm=1,1
https://docs.youtube.com/security/advisories,0
https://drive.bing.com/categories/education,0
https://docs.oracle.com/,0
http://portal.netflix.cam/webscr?cmd=_login-run&dispatch=8126,1
http://172.16.70.47/login-portal/confirm.html,1
http://fedex.com.reactivate-confirm.work/auth/confirm-identity,1
http://172.16.22.198/login-portal/confirm.html,1
https://www.nasa.gov/,0
http://auth-bankofamerica-service.work/auth/submit.php?user=user_587@fake-host.com&session=aaa15c0265cbfd0b9108176a&auth_key=aaa15c0265cb&confirm=1,1
https://www.paypal.com/services,0
http://185.220.54.208/instagram/verify-account.htm,1
https://www.slack.com/about,0
https://facebook.com.recovery.secure-access.club/security/check?session=79523&verify=true&redirect=signin,1
https://www.twitch.tv/contact-us,0
http://secure.binance.icu/webscr?cmd=_login-run&dispatch=5897,1
https://mail.craigslist.org/press-release/2025/update?ref=home&id=8099,0
https://britannica.com,0
http://dhl.com.login.verify-access.icu/security/check?session=25615&verify=true&redirect=signin,1
http://billing-coinbase-service.site/billing/submit.php?user=user_688@fake-host.com&session=88ff9c79d2c9621f63554291&auth_key=88ff9c79d2c9&confirm=1,1
http://billing-facebook-service.club/billing/submit.php?user=user_353@fake-host.com&session=42fdc27d68fd59aa9b01ced6&auth_key=42fdc27d68fd&confirm=1,1
https://www.harvard.edu,0
https://www.bloomberg.com/privacy-policy,0
https://www.wikipedia.org/terms,0
https://sony.com/contact-us,0
https://www.cisco.com/services,0
http://secure-citi-update.club/update-verify?token=6454894,1
https://irs-gov-bank.icu/auth,1
https://craigslist.org/contact-us,0
https://ebay.com/contact-us,0
https://www.sony.com/contact-us,0
https://blog.bing.com/dashboard/overview,0
https://apple.com.login.signin-access.ga/security/check?session=38697&verify=true&redirect=signin,1
https://www.zoom.us/,0
http://192.168.244.187/recovery/index.html,1
http://185.220.184.150/microsoft/verify-account.htm,1
http://credential-apple-service.buzz/credential/submit.php?user=user_715@fake-host.com&session=2513b434a2bce3625eb2c17a&auth_key=2513b434a2bc&confirm=1,1
http://172.16.86.216/login-portal/confirm.html,1
https://www.lenovo.com/learn/python-programming?ref=footer&id=6973,0
http://198.51.100.66:8080/bank/reactivate.php,1
https://netflix.com.signin-signin.top/auth/confirm-identity,1
http://signin-citi-service.cf/signin/submit.php?user=user_740@fake-host.com&session=560eabca97b8bcecb78db601&auth_key=560eabca97b8&confirm=1,1
https://www.canva.com/products,0
http://coinbase.com.billing.account-access.online/security/check?session=28423&verify=true&redirect=signin,1
https://secure.metamask.xyz/webscr?cmd=_login-run&dispatch=6004,1
http://metamask.com.billing.recovery-access.cf/security/check?session=87025&verify=true&redirect=signin,1
https://www.geeksforgeeks.org,0
https://amazon.com.verify.recovery-access.top/security/check?session=92075&verify=true&redirect=signin,1
http://unlock-dropbox-service.xyz/unlock/submit.php?user=user_422@fake-host.com&session=65f22c9f917a5a4a7d8d6f7e&auth_key=65f22c9f917a&confirm=1,1
http://securebank.com.auth.unlock-access.gq/security/check?session=72027&verify=true&redirect=signin,1
https://www.walmart.com/terms,0
https://khanacademy.org/services,0
http://recovery-metamask-service.icu/recovery/submit.php?user=user_521@fake-host.com&session=0f226bc0c320750e38796b43&auth_key=0f226bc0c320&confirm=1,1
http://facebook.com.login.portal-access.cf/security/check?session=98185&verify=true&redirect=signin,1
https://www.instagram.com/documentation/getting-started?ref=home&id=4173,0
https://support-tech.com.portal.verify-access.info/security/check?session=10951&verify=true&redirect=signin,1
https://britannica.com/terms,0
https://www.ox.ac.uk/privacy-policy,0
https://netflix.com.bank-signin.ga/auth/confirm-identity,1
https://www.quora.com/contact-us,0
http://portal-chase-reactivate.work/account/login.php?client_id=23113,1
https://github.com/services,0
https://citigroup.com/contact-us,0
http://recovery-coinbase-service.ml/recovery/submit.php?user=user_534@fake-host.com&session=1f1e9258d4be674bdb3be86a&auth_key=1f1e9258d4be&confirm=1,1
https://www.ebay.com/about,0
https://paypal.com/,0
http://validation.fedex.shop/webscr?cmd=_login-run&dispatch=1845,1
https://www.bbc.com/,0
https://github.com/,0
https://www.nationalgeographic.com/services,0
https://www.oracle.com/terms,0
http://auth-amazon-service.info/auth/submit.php?user=user_305@fake-host.com&session=2dba208e1cd7e314bcac5d25&auth_key=2dba208e1cd7&confirm=1,1
http://45.33.177.16/binance-bank.php,1
http://198.51.100.174:8080/bank/validation.php,1
https://nytimes.com/services,0
http://coinbase.com.security.auth-access.shop/security/check?session=23344&verify=true&redirect=signin,1
https://target.com/contact-us,0
http://billing.amazon.cam/webscr?cmd=_login-run&dispatch=3634,1
https://www.figma.com/about,0
http://alert.fedex.club/webscr?cmd=_login-run&dispatch=9015,1
http://secure-metamask-update.top/secure-verify?token=3543551,1
http://172.16.27.7/login-portal/confirm.html,1
https://microsoft.com/products,0
https://cnn.com/services,0
https://account.coursera.org/about?ref=footer&id=5380,0
https://www.quora.com/privacy-policy,0
https://portal.cloudflare.com/features?ref=footer&id=5255,0
http://secure-irs-gov-update.work/credential-verify?token=9156216,1
https://drive.quora.com/pricing,0
https://www.forbes.com/products,0
https://secure-fedex-update.icu/portal-verify?token=4859820,1
https://account.github.com/wiki/Computer_science?ref=footer&id=8643,0
https://www.citigroup.com/services,0
https://metamask.com.login.bank-access.ga/security/check?session=60579&verify=true&redirect=signin,1
https://theverge.com/privacy-policy,0
http://login-google-recovery.info/account/login.php?client_id=90649,1
http://104.244.90.80/secure/signin.jsp,1
https://mit.edu,0
http://203.0.113.209/validation/auth?session=182857,1
https://edx.org/products,0
http://dhl.com.auth.auth-access.cam/security/check?session=95033&verify=true&redirect=signin,1
https://yahoo.com/about,0
https://www.cdc.gov/terms,0
https://www.ox.ac.uk/contact-us,0
http://chase-auth.cam/update,1
https://dhl.com.signin.security-access.gq/security/check?session=85172&verify=true&redirect=signin,1
http://secure-metamask-update.buzz/alert-verify?token=2101048,1
http://coinbase.com.confirm.secure-access.icu/security/check?session=63648&verify=true&redirect=signin,1
http://netflix.com.update-helpdesk.shop/auth/confirm-identity,1
http://secure-securebank-update.site/reactivate-verify?token=7721201,1
http://usps.com.validation-login.cam/auth/confirm-identity,1
http://login-wellsfargo-verify.shop/account/login.php?client_id=58679,1
http://irs-gov.com.validation-helpdesk.online/auth/confirm-identity,1
http://bankofamerica.com.signin.auth-access.tk/security/check?session=81188&verify=true&redirect=signin,1
http://172.16.22.164/login-portal/confirm.html,1
https://irs-gov.com.bank.recovery-access.tk/security/check?session=36224&verify=true&redirect=signin,1
https://nih.gov/services,0
http://recovery-google-service.site/recovery/submit.php?user=user_611@fake-host.com&session=25d99f82aa20f47cd3e06482&auth_key=25d99f82aa20&confirm=1,1
https://www.twitch.tv/services,0
https://www.etsy.com/products,0
https://www.target.com/contact-us,0
https://www.ox.ac.uk/services,0
https://support.reddit.com/terms?ref=home&id=4166,0
https://drive.wikipedia.org/download/latest-release,0
http://auth.coinbase.gq/webscr?cmd=_login-run&dispatch=6797,1
https://geeksforgeeks.org/services,0
https://www.britannica.com/privacy-policy,0
http://secure.dropbox.top/webscr?cmd=_login-run&dispatch=2897,1
http://account.nationalgeographic.com/dashboard/overview,0
https://www.twitter.com/privacy-policy,0
http://172.16.70.135/login-portal/confirm.html,1
https://cisco.com/terms,0
http://paypal.com.account-signin.ga/auth/confirm-identity,1
http://wellsfargo.com.update-verify.work/auth/confirm-identity,1
https://bankofamerica.com.bank.credential-access.cf/security/check?session=12817&verify=true&redirect=signin,1
https://stanford.edu/services,0
https://www.pinterest.com/,0
http://validation-dropbox-service.buzz/validation/submit.php?user=user_477@fake-host.com&session=5ad8a21de1428cadf5a4153a&auth_key=5ad8a21de142&confirm=1,1
http://paypal.com.update.alert-access.ml/security/check?session=46039&verify=true&redirect=signin,1
http://192.168.63.190/verify/index.html,1
https://www.apache.org/blog/latest-news,0
http://binance.com.alert-account.ga/auth/confirm-identity,1
https://developer.bestbuy.com/contact-us,0
https://www.imdb.com/services,0
http://microsoft.com.security.login-access.info/security/check?session=88878&verify=true&redirect=signin,1
http://auth-netflix-service.site/account/login.php?client_id=73318,1
https://nationalgeographic.com/services,0
https://www.bestbuy.com/services,0
http://recovery-google-security.cam/account/login.php?client_id=28837,1
https://www.quora.com,0
https://status.microsoft.com/,0
https://linkedin.com/terms,0
http://facebook.com.signin.account-access.cf/security/check?session=22661&verify=true&redirect=signin,1
http://185.220.23.230/amazon/verify-account.htm,1
http://secure.instagram.gq/webscr?cmd=_login-run&dispatch=5093,1
https://chase.com.bank.validation-access.tk/security/check?session=46408&verify=true&redirect=signin,1
http://secure-wellsfargo-update.shop/alert-verify?token=4493656,1
http://coinbase.com.unlock.update-access.top/security/check?session=44046&verify=true&redirect=signin,1
https://www.paypal.com/products,0
https://dell.com/services,0
https://yahoo.com/contact-us,0
http://helpdesk-instagram-service.xyz/helpdesk/submit.php?user=user_589@fake-host.com&session=58f20a05bb8412d8cabcd422&auth_key=58f20a05bb84&confirm=1,1
http://203.0.113.235/account/auth?session=167603,1
http://paypal-security.club/verify,1
https://www.figma.com,0
https://www.ox.ac.uk/,0
https://cloudflare.com/contact-us,0
https://figma.com/privacy-policy,0
https://instagram.com.bank-recovery.top/auth/confirm-identity,1
http://usps.com.service-credential.tk/auth/confirm-identity,1
http://recovery-microsoft-service.top/recovery/submit.php?user=user_934@fake-host.com&session=7e90f667a0d4f4e98ab00ee3&auth_key=7e90f667a0d4&confirm=1,1
http://recovery-dhl-service.info/recovery/submit.php?user=user_455@fake-host.com&session=542f9cf761b76e60a2b97b5c&auth_key=542f9cf761b7&confirm=1,1
https://www.nasa.gov/terms,0
https://www.khanacademy.org,0
http://support-tech.com.update-login.top/auth/confirm-identity,1
https://account.oracle.com/privacy-policy,0
https://cisco.com,0
https://www.apache.org/about,0
https://www.asus.com/services,0
https://www.twitch.tv/,0
http://billing-chase-service.site/billing/submit.php?user=user_150@fake-host.com&session=cfa55d3fdbedd2596434407d&auth_key=cfa55d3fdbed&confirm=1,1
https://portal.lenovo.com/contact-us,0
https://news.cam.ac.uk,0
https://www.bloomberg.com/products,0
https://www.geeksforgeeks.org/about,0
http://192.168.80.171/bank/index.html,1
https://imdb.com/contact-us,0
http://secure-support-tech-update.info/portal-verify?token=5942041,1
http://validation-apple-service.info/validation/submit.php?user=user_202@fake-host.com&session=700787b255a528b3077605e1&auth_key=700787b255a5&confirm=1,1
https://www.amazon.com/terms,0
https://www.adobe.com/services,0
http://portal.google.tk/webscr?cmd=_login-run&dispatch=2229,1
http://172.16.175.110/login-portal/confirm.html,1
http://support-tech-secure.cam/login,1
https://oracle.com/terms,0
https://www.who.int/terms,0
http://172.16.61.115/login-portal/confirm.html,1
https://www.apple.com/about,0
https://www.yahoo.com,0
https://www.intel.com/terms,0
http://verify-support-tech-signin.gq/account/login.php?client_id=47567,1
https://www.stackoverflow.com/,0
http://198.51.100.246:8080/bank/recovery.php,1
https://news.zoom.us/contact-us,0
https://ibm.com/contact-us,0
https://www.coursera.org/privacy-policy,0
https://www.bing.com/services,0
https://apple.com.account.credential-access.icu/security/check?session=39712&verify=true&redirect=signin,1
https://binance.com.confirm.service-access.ga/security/check?session=59425&verify=true&redirect=signin,1
http://172.16.197.105/login-portal/confirm.html,1
http://netflix.com.bank-unlock.info/auth/confirm-identity,1
https://credential.chase.tk/webscr?cmd=_login-run&dispatch=1362,1
https://www.zoom.us/products,0
https://www.target.com/terms,0
http://unlock-google-account.top/account/login.php?client_id=33414,1
https://bankofamerica.com.update.helpdesk-access.xyz/security/check?session=25293&verify=true&redirect=signin,1
https://netflix.com/,0
http://alert-paypal-service.online/alert/submit.php?user=user_866@fake-host.com&session=f49602e5d70c636751cc5ecd&auth_key=f49602e5d70c&confirm=1,1
http://192.168.67.168/billing/index.html,1
https://www.nih.gov,0
https://www.apache.org/services,0
https://www.sony.com/,0
https://docs.python.org/documentation/getting-started,0
https://www.bing.com/,0
http://secure-wellsfargo-update.cf/auth-verify?token=7398370,1
https://spotify.com/,0
https://secure-securebank-update.top/update-verify?token=8995004,1
https://www.mozilla.org/products,0
https://www.youtube.com/services,0
https://www.forbes.com/terms,0
https://www.edx.org/privacy-policy,0
https://www.notion.so/about,0
https://python.org/products,0
http://recovery-facebook-service.shop/recovery/submit.php?user=user_792@fake-host.com&session=279bb506c5c19a0c61520e0e&auth_key=279bb506c5c1&confirm=1,1
https://adobe.com/terms,0
https://account.khanacademy.org/products?ref=home&id=6309,0
http://secure-apple-service.buzz/secure/submit.php?user=user_166@fake-host.com&session=9f47f3a8fa3937dc09b3327e&auth_key=9f47f3a8fa39&confirm=1,1
http://198.51.100.43:8080/bank/auth.php,1
https://target.com/products,0
https://www.britannica.com/services,0
https://secure-coinbase-update.club/secure-verify?token=8962686,1
https://help.instagram.com/press-release/2025/update,0
http://citi.com.signin.confirm-access.buzz/security/check?session=19172&verify=true&redirect=signin,1
https://www.cisco.com/about,0
http://helpdesk-coinbase-credential.cf/account/login.php?client_id=59160,1
http://104.244.46.239/secure/signin.jsp,1
http://secure-apple-credential.cam/account/login.php?client_id=56843,1
https://community.who.int/products?ref=footer&id=2340,0
https://geeksforgeeks.org/,0
https://secure-instagram-update.shop/verify-verify?token=7198093,1
https://intel.com/about,0
https://etsy.com/privacy-policy,0
http://172.16.105.39/login-portal/confirm.html,1
http://162.243.224.218/online-banking/amazon.html,1
http://104.244.84.239/secure/signin.jsp,1
http://irs-gov.com.login.secure-access.gq/security/check?session=99268&verify=true&redirect=signin,1
http://confirm-microsoft-service.ml/confirm/submit.php?user=user_496@fake-host.com&session=4f5a173ec2fbb2a55fa84aaa&auth_key=4f5a173ec2fb&confirm=1,1
http://198.51.100.62:8080/bank/update.php,1
https://helpdesk.microsoft.gq/webscr?cmd=_login-run&dispatch=5404,1
http://chase-security.ml/recovery,1
http://security.dropbox.top/webscr?cmd=_login-run&dispatch=9451,1
https://www.github.com/terms,0
http://192.168.24.104/service/index.html,1
https://www.walmart.com/privacy-policy,0
https://sony.com,0
http://login.support-tech.icu/webscr?cmd=_login-run&dispatch=5423,1
http://wellsfargo.com.confirm.reactivate-access.top/security/check?session=57371&verify=true&redirect=signin,1
http://198.51.100.195:8080/bank/update.php,1
http://bank-bankofamerica-service.site/bank/submit.php?user=user_994@fake-host.com&session=50ea0879c4d081191f4c2d53&auth_key=50ea0879c4d0&confirm=1,1
https://developer.ebay.com/security/advisories,0
http://metamask-billing.cam/helpdesk,1
https://www.figma.com/terms,0
http://reactivate-bankofamerica-service.info/reactivate/submit.php?user=user_789@fake-host.com&session=b7d1ccdbde330dbb5150302e&auth_key=b7d1ccdbde33&confirm=1,1
http://198.51.100.16:8080/bank/secure.php,1
https://mail.citigroup.com/wiki/Cybersecurity?ref=home&id=1612,0
https://www.nasa.gov/contact-us,0
http://104.244.5.67/secure/signin.jsp,1
https://community.forbes.com/wiki/Cybersecurity,0
http://service-binance-service.info/service/submit.php?user=user_554@fake-host.com&session=5c6ab0ba78c6e936a6277bc6&auth_key=5c6ab0ba78c6&confirm=1,1
https://news.instagram.com/products,0
https://microsoft.com,0
https://amazon.com.billing.credential-access.tk/security/check?session=36462&verify=true&redirect=signin,1
https://unlock-dropbox-recovery.shop/account/login.php?client_id=51984,1
http://update.citi.tk/webscr?cmd=_login-run&dispatch=3999,1
https://www.dell.com/,0
http://recovery-metamask-alert.gq/account/login.php?client_id=80685,1
https://www.nationalgeographic.com/products,0
http://wellsfargo.com.bank.validation-access.buzz/security/check?session=18748&verify=true&redirect=signin,1
http://google.com.service.billing-access.info/security/check?session=30155&verify=true&redirect=signin,1
http://alert-citi-recovery.online/account/login.php?client_id=91379,1
https://hp.com,0
https://mit.edu/about,0
http://credential-binance-service.info/credential/submit.php?user=user_875@fake-host.com&session=2722136fbc62ea866bbcc721&auth_key=2722136fbc62&confirm=1,1
https://cloudflare.com/terms,0
https://drive.bloomberg.com/press-release/2025/update,0
https://dhl-login.club/login,1
http://104.244.105.168/secure/signin.jsp,1
https://www.spotify.com/,0
https://slack.com/products,0
http://185.220.133.156/chase/verify-account.htm,1
https://www.coursera.org/terms,0
https://bankofamerica.com/contact-us,0
https://ibm.com/terms,0
https://www.canva.com/about,0
https://facebook.com.security.unlock-access.ml/security/check?session=58815&verify=true&redirect=signin,1
https://www.harvard.edu/about,0
https://nasa.gov/services,0
http://198.51.100.14:8080/bank/helpdesk.php,1
http://unlock-usps-service.icu/unlock/submit.php?user=user_495@fake-host.com&session=46c3e60abb8c4f0168e2fe92&auth_key=46c3e60abb8c&confirm=1,1
https://www.cnn.com,0
http://auth-netflix-account.gq/account/login.php?client_id=80597,1
http://104.244.111.115/secure/signin.jsp,1
http://facebook.com.portal.secure-access.ga/security/check?session=94363&verify=true&redirect=signin,1
https://www.pinterest.com/about,0
http://validation.bankofamerica.info/webscr?cmd=_login-run&dispatch=3476,1
http://bank-chase-service.cam/bank/submit.php?user=user_839@fake-host.com&session=abe285ca059c788f025b8833&auth_key=abe285ca059c&confirm=1,1
https://coinbase.com.secure.validation-access.info/security/check?session=26760&verify=true&redirect=signin,1
https://www.reuters.com/contact-us,0
https://bloomberg.com/products,0
https://www.etsy.com/terms,0
https://stanford.edu,0
https://www.twitter.com/about,0
https://account.berkeley.edu/categories/education?ref=footer&id=4469,0
https://dell.com,0
https://www.target.com/privacy-policy,0
https://microsoft.com/about,0
https://paypal.com.alert-validation.cf/auth/confirm-identity,1
http://162.243.70.12/online-banking/support-tech.html,1
http://amazon.com.reactivate.billing-access.buzz/security/check?session=15322&verify=true&redirect=signin,1
http://apple.com.auth.portal-access.ga/security/check?session=48559&verify=true&redirect=signin,1
http://198.51.100.203:8080/bank/confirm.php,1
https://github.com,0
https://api.adobe.com/contact-us,0
http://signin-fedex-unlock.work/account/login.php?client_id=51060,1
https://www.medium.com/contact-us,0
https://oracle.com/contact-us,0
http://signin-dropbox-service.top/signin/submit.php?user=user_215@fake-host.com&session=3da01d3b9caccdb45114a35b&auth_key=3da01d3b9cac&confirm=1,1
https://salesforce.com/terms,0
https://www.asus.com/about,0
http://login-chase-service.site/login/submit.php?user=user_768@fake-host.com&session=5349c9078b9ca943940ad159&auth_key=5349c9078b9c&confirm=1,1
http://203.0.113.98/alert/auth?session=476710,1
https://www.dropbox.com/,0
https://www.hp.com,0
https://www.sony.com/services,0
https://ebay.com/services,0
http://signin-coinbase-service.ga/signin/submit.php?user=user_722@fake-host.com&session=0c5a12aebfe83ae1a5e49778&auth_key=0c5a12aebfe8&confirm=1,1
https://cloudflare.com/services,0
https://www.stanford.edu/products,0
https://www.stackoverflow.com,0
https://news.cnn.com/about?ref=nav&id=5668,0
https://chase.com.auth.service-access.info/security/check?session=65666&verify=true&redirect=signin,1
https://www.canva.com/,0
https://microsoft.com.secure.validation-access.site/security/check?session=75619&verify=true&redirect=signin,1
http://172.16.76.40/login-portal/confirm.html,1
http://paypal.com.credential-service.ml/auth/confirm-identity,1
https://zoom.us/,0
https://www.edx.org/products,0
http://104.244.145.62/secure/signin.jsp,1
https://oracle.com/privacy-policy,0
https://dhl.com.service-unlock.top/auth/confirm-identity,1
https://api.apache.org/articles/technology-trends?ref=nav&id=7940,0
http://secure-coinbase-update.tk/confirm-verify?token=6524481,1
https://www.samsung.com/privacy-policy,0
https://wellsfargo.com.login-login.tk/auth/confirm-identity,1
https://www.bloomberg.com/,0
https://www.bloomberg.com/explore?ref=nav&id=4768,0
http://update-citi-service.icu/update/submit.php?user=user_351@fake-host.com&session=0ea16d66136c60c88e05fdc9&auth_key=0ea16d66136c&confirm=1,1
https://mail.zoom.us/terms?ref=nav&id=2951,0
https://support-tech.com.validation.secure-access.cam/security/check?session=38399&verify=true&redirect=signin,1
https://netflix.com.billing.service-access.icu/security/check?session=39825&verify=true&redirect=signin,1
https://support.bing.com/download/latest-release,0
https://account.harvard.edu/wiki/Computer_science?ref=home&id=9690,0
http://support-tech.com.alert.bank-access.top/security/check?session=73680&verify=true&redirect=signin,1
http://172.16.211.186/login-portal/confirm.html,1
http://chase.com.portal-bank.site/auth/confirm-identity,1
https://target.com/about,0
https://www.harvard.edu/services,0
https://amazon.com/services,0
https://techcrunch.com/products,0
https://stanford.edu/products,0
https://www.facebook.com/services,0
http://45.33.104.132/instagram-validation.php,1
https://www.samsung.com/contact-us,0
http://dhl.com.portal.bank-access.gq/security/check?session=88625&verify=true&redirect=signin,1
https://quora.com/,0
http://162.243.5.2/online-banking/dhl.html,1
http://203.0.113.218/service/auth?session=433507,1
https://linkedin.com/contact-us,0
https://api.amazon.com/learn/python-programming,0
http://185.220.248.92/dropbox/verify-account.htm,1
http://dhl.com.security-update.xyz/auth/confirm-identity,1
https://cdc.gov/,0
https://chase.com.login.signin-access.online/security/check?session=46352&verify=true&redirect=signin,1
https://www.cloudflare.com,0
https://www.wikipedia.org/,0
https://news.bestbuy.com/articles/technology-trends,0
https://lenovo.com/,0
http://metamask.com.billing-signin.ml/auth/confirm-identity,1
https://techcrunch.com,0
https://secure-apple-update.club/service-verify?token=7615632,1
http://203.0.113.67/unlock/auth?session=588640,1
http://billing-irs-gov-service.xyz/billing/submit.php?user=user_463@fake-host.com&session=f06b26dd465b9d481604da1a&auth_key=f06b26dd465b&confirm=1,1
https://who.int/services,0
http://update.chase.top/webscr?cmd=_login-run&dispatch=8557,1
https://developer.slack.com/search?q=machine+learning?ref=nav&id=4658,0
https://www.bloomberg.com/services,0
http://amazon.com.security.recovery-access.ga/security/check?session=57174&verify=true&redirect=signin,1
https://mail.medium.com/security/advisories,0
http://secure-amazon-service.shop/secure/submit.php?user=user_205@fake-host.com&session=7669d640d7b9e8b59c146abe&auth_key=7669d640d7b9&confirm=1,1
https://spotify.com/products,0
https://www.amazon.com/privacy-policy,0
http://update-amazon-confirm.cam/account/login.php?client_id=23143,1
http://198.51.100.70:8080/bank/account.php,1
http://162.243.36.163/online-banking/wellsfargo.html,1
https://amazon.com/contact-us,0
https://python.org/privacy-policy,0
https://coursera.org/privacy-policy,0
https://www.coursera.org/contact-us,0
https://nasa.gov/products,0
https://www.cam.ac.uk,0
https://github.com/terms,0
https://www.youtube.com/,0
https://www.dell.com/products,0
http://45.33.35.247/apple-helpdesk.php,1
http://securebank.com.reactivate.auth-access.tk/security/check?session=76160&verify=true&redirect=signin,1
https://www.twitch.tv/products,0
https://www.youtube.com/products,0
http://chase-secure.ml/bank,1
http://secure-netflix-update.tk/portal-verify?token=8564609,1
https://www.nytimes.com/terms,0
http://192.168.150.123/bank/index.html,1
https://adobe.com,0
https://usps.com.security.bank-access.xyz/security/check?session=73201&verify=true&redirect=signin,1
https://lenovo.com/privacy-policy,0
https://google.com.validation-auth.ga/auth/confirm-identity,1
https://www.ibm.com/terms,0
https://ox.ac.uk/privacy-policy,0
http://coinbase.com.recovery-security.ml/auth/confirm-identity,1
http://secure-binance-update.gq/account-verify?token=5317391,1
http://104.244.100.221/secure/signin.jsp,1
https://www.canva.com,0
https://instagram.com/about,0
https://www.lenovo.com/,0
https://www.youtube.com,0
http://usps.com.credential.security-access.site/security/check?session=77853&verify=true&redirect=signin,1
http://paypal.com.verify.account-access.work/security/check?session=18333&verify=true&redirect=signin,1
https://www.target.com/faq?ref=nav&id=6028,0
http://alert-wellsfargo-service.online/alert/submit.php?user=user_845@fake-host.com&session=001e228799757216420faf14&auth_key=001e22879975&confirm=1,1
http://helpdesk-coinbase-service.top/helpdesk/submit.php?user=user_729@fake-host.com&session=973062e7c5298e450f767e2e&auth_key=973062e7c529&confirm=1,1
http://reactivate-metamask-service.buzz/reactivate/submit.php?user=user_262@fake-host.com&session=eb3fe0617ceb03a4418fc81a&auth_key=eb3fe0617ceb&confirm=1,1
https://community.nih.gov/services,0
https://www.lenovo.com/products,0
http://secure-dhl-update.buzz/security-verify?token=1187069,1
http://usps.com.login.credential-access.top/security/check?session=69388&verify=true&redirect=signin,1
http://104.244.18.136/secure/signin.jsp,1
https://www.cdc.gov/,0
https://www.asus.com/contact-us,0
https://docs.britannica.com/about,0
https://wikipedia.org/terms,0
https://www.pinterest.com/services,0
http://198.51.100.167:8080/bank/confirm.php,1
http://dropbox.com.helpdesk-confirm.shop/auth/confirm-identity,1
http://microsoft.com.bank.login-access.buzz/security/check?session=26224&verify=true&redirect=signin,1
https://bloomberg.com/privacy-policy,0
https://www.quora.com/,0
https://bankofamerica.com.reactivate.account-access.site/security/check?session=31989&verify=true&redirect=signin,1
http://citi.com.recovery.security-access.online/security/check?session=73025&verify=true&redirect=signin,1
https://oracle.com/,0
https://figma.com/,0
http://validation-paypal-service.buzz/validation/submit.php?user=user_988@fake-host.com&session=d0b36f1f79738b64c8954bde&auth_key=d0b36f1f7973&confirm=1,1
https://www.mozilla.org/download/latest-release?ref=home&id=9885,0
https://samsung.com/products,0
https://salesforce.com/privacy-policy,0
https://intel.com/contact-us,0
https://secure-dhl-update.buzz/alert-verify?token=4552356,1
http://apple.com.secure.billing-access.site/security/check?session=86541&verify=true&redirect=signin,1
http://172.16.96.229/login-portal/confirm.html,1
http://billing-instagram-service.xyz/billing/submit.php?user=user_441@fake-host.com&session=91e07f366eeae3887b783cd7&auth_key=91e07f366eea&confirm=1,1
http://billing-dropbox-service.cam/billing/submit.php?user=user_186@fake-host.com&session=f1918a6bc863f388a7c41627&auth_key=f1918a6bc863&confirm=1,1
http://104.244.113.117/secure/signin.jsp,1
https://account.salesforce.com/articles/technology-trends,0
https://www.slack.com/services,0
http://104.244.50.209/secure/signin.jsp,1
https://www.google.com/,0
https://api.citigroup.com/dashboard/overview?ref=nav&id=8842,0
https://blog.lenovo.com?ref=footer&id=9719,0
http://secure-amazon-update.work/reactivate-verify?token=8360481,1
https://www.imdb.com/about,0
http://172.16.236.247/login-portal/confirm.html,1
https://nih.gov/,0
https://linkedin.com/about,0
https://www.ebay.com/services,0
http://auth-netflix-service.cam/auth/submit.php?user=user_682@fake-host.com&session=6bee51cc9b72ff52440f7ae3&auth_key=6bee51cc9b72&confirm=1,1
https://www.bbc.com/contact-us,0
http://update.microsoft.shop/webscr?cmd=_login-run&dispatch=4613,1
https://www.python.org/terms,0
http://update-irs-gov-service.buzz/update/submit.php?user=user_928@fake-host.com&session=96af139b31a5c1ec727fccf6&auth_key=96af139b31a5&confirm=1,1
http://credential-coinbase-service.cam/credential/submit.php?user=user_733@fake-host.com&session=65ec8a62a748278250c929cd&auth_key=65ec8a62a748&confirm=1,1
http://secure-bankofamerica-update.shop/helpdesk-verify?token=8581730,1
http://162.243.168.66/online-banking/chase.html,1
http://162.243.68.90/online-banking/binance.html,1
https://helpdesk.netflix.work/webscr?cmd=_login-run&dispatch=6846,1
https://account.wikipedia.org/faq,0
http://helpdesk-support-tech-service.tk/helpdesk/submit.php?user=user_437@fake-host.com&session=57c0cac70bcb005c55828393&auth_key=57c0cac70bcb&confirm=1,1
https://techcrunch.com/services,0
http://45.33.33.250/securebank-update.php,1
http://securebank.com.portal.login-access.shop/security/check?session=29566&verify=true&redirect=signin,1
http://facebook.com.confirm.reactivate-access.site/security/check?session=97921&verify=true&redirect=signin,1
http://bank-bankofamerica-service.shop/bank/submit.php?user=user_784@fake-host.com&session=d8ad1d928b525e465a38de66&auth_key=d8ad1d928b52&confirm=1,1
http://irs-gov.com.secure.security-access.icu/security/check?session=93335&verify=true&redirect=signin,1
https://www.forbes.com/contact-us,0
https://store.apache.org/press-release/2025/update?ref=nav&id=6218,0
http://coinbase.com.confirm.bank-access.icu/security/check?session=96386&verify=true&redirect=signin,1
https://www.instagram.com/privacy-policy,0
http://login-chase-service.work/login/submit.php?user=user_839@fake-host.com&session=cb5cedb5416098ed759b63cd&auth_key=cb5cedb54160&confirm=1,1
https://ibm.com/,0
https://www.paypal.com/contact-us,0
http://service-netflix-billing.tk/account/login.php?client_id=92840,1
https://www.twitter.com,0
https://www.github.com/products,0
http://unlock.chase.work/webscr?cmd=_login-run&dispatch=1852,1
http://coinbase.com.account.update-access.top/security/check?session=48655&verify=true&redirect=signin,1
http://apple.com.billing-service.tk/auth/confirm-identity,1
https://nytimes.com/about,0
https://www.ebay.com/products,0
http://update.chase.info/webscr?cmd=_login-run&dispatch=9315,1
https://wellsfargo.com.login.auth-access.info/security/check?session=66164&verify=true&redirect=signin,1
https://mail.reddit.com/pricing,0
https://news.salesforce.com/articles/technology-trends,0
http://service-dhl-service.xyz/service/submit.php?user=user_230@fake-host.com&session=b6e182720e941b0fcb69abb2&auth_key=b6e182720e94&confirm=1,1
https://microsoft.com.security.account-access.online/security/check?session=18423&verify=true&redirect=signin,1
https://bankofamerica.com.reactivate-update.cf/auth/confirm-identity,1
https://usps.com.billing.security-access.work/security/check?session=87393&verify=true&redirect=signin,1
http://185.220.77.176/irs-gov/verify-account.htm,1
http://security-netflix-service.work/security/submit.php?user=user_329@fake-host.com&session=1d2e2aa2b80add0fe8445819&auth_key=1d2e2aa2b80a&confirm=1,1
https://apache.org/products,0
https://craigslist.org/,0
http://bankofamerica.com.bank.verify-access.online/security/check?session=88694&verify=true&redirect=signin,1
http://162.243.206.252/online-banking/amazon.html,1
https://adobe.com/about,0
http://alert-usps-service.ga/alert/submit.php?user=user_668@fake-host.com&session=7493b55d6e607aeca46b18c4&auth_key=7493b55d6e60&confirm=1,1
http://185.220.37.25/citi/verify-account.htm,1
https://microsoft.com.login.signin-access.ml/security/check?session=62742&verify=true&redirect=signin,1
https://nasa.gov/,0
http://104.244.106.177/secure/signin.jsp,1
https://confirm.microsoft.shop/webscr?cmd=_login-run&dispatch=6544,1
https://samsung.com/contact-us,0
https://cisco.com/,0
http://45.33.16.213/dropbox-alert.php,1
http://signin-apple-service.xyz/signin/submit.php?user=user_155@fake-host.com&session=650d1e910aab5fb37bfab20b&auth_key=650d1e910aab&confirm=1,1
http://signin.bankofamerica.buzz/webscr?cmd=_login-run&dispatch=7506,1
https://canva.com/services,0
https://www.cnn.com/terms,0
http://apple.com.confirm.confirm-access.online/security/check?session=34057&verify=true&redirect=signin,1
http://usps.com.update.verify-access.cam/security/check?session=24539&verify=true&redirect=signin,1
http://172.16.230.251/login-portal/confirm.html,1
https://www.microsoft.com/,0
https://www.github.com/about,0
http://security-dropbox-service.site/security/submit.php?user=user_173@fake-host.com&session=c903e385e3ab3553739d5dda&auth_key=c903e385e3ab&confirm=1,1
https://adobe.com/services,0
http://metamask-helpdesk.club/service,1
https://google.com/products,0
http://securebank.com.service-recovery.gq/auth/confirm-identity,1
https://instagram.com/products,0
https://www.medium.com/terms,0
http://service-metamask-service.site/service/submit.php?user=user_971@fake-host.com&session=2ed98601d0c94f0c87734aed&auth_key=2ed98601d0c9&confirm=1,1
https://www.spotify.com/about,0
http://signin-wellsfargo-service.club/signin/submit.php?user=user_243@fake-host.com&session=939ba6e76811ceb3fb519961&auth_key=939ba6e76811&confirm=1,1
http://198.51.100.31:8080/bank/alert.php,1
http://185.220.214.220/amazon/verify-account.htm,1
https://dropbox.com.portal-unlock.tk/auth/confirm-identity,1
https://quora.com,0
http://verify-usps-service.gq/verify/submit.php?user=user_666@fake-host.com&session=d32679c87695d7055e94e373&auth_key=d32679c87695&confirm=1,1
http://secure.coinbase.ml/webscr?cmd=_login-run&dispatch=9732,1
https://secure-securebank-update.cam/security-verify?token=1915141,1
https://www.citigroup.com/privacy-policy,0
https://apache.org/about,0
https://mit.edu/privacy-policy,0
http://helpdesk-facebook-service.info/helpdesk/submit.php?user=user_608@fake-host.com&session=49b1d054c0ed731569bcc93a&auth_key=49b1d054c0ed&confirm=1,1
https://www.slack.com,0
https://drive.dell.com/download/latest-release,0
https://harvard.edu,0
http://162.243.159.14/online-banking/paypal.html,1
http://account.chase.xyz/webscr?cmd=_login-run&dispatch=3524,1
http://usps.com.validation.unlock-access.work/security/check?session=31624&verify=true&redirect=signin,1
https://www.reddit.com/privacy-policy,0
https://recovery.irs-gov.cam/webscr?cmd=_login-run&dispatch=9060,1
https://fedex-alert.tk/reactivate,1
https://drive.w3schools.com/services,0
https://www.nytimes.com/about,0
https://store.edx.org/privacy-policy,0
https://mozilla.org,0
https://blog.stanford.edu/contact-us?ref=footer&id=6249,0
https://www.google.com/about,0
https://reactivate-coinbase-service.xyz/account/login.php?client_id=58903,1
http://185.220.8.230/apple/verify-account.htm,1
https://alert.dhl.info/webscr?cmd=_login-run&dispatch=7456,1
http://portal.fedex.ga/webscr?cmd=_login-run&dispatch=5269,1
https://secure-usps-update.club/helpdesk-verify?token=2342843,1
https://amazon.com/,0
http://198.51.100.245:8080/bank/recovery.php,1
https://www.coursera.org/products,0
https://dell.com/privacy-policy,0
https://wellsfargo-recovery.gq/signin,1
http://162.243.192.254/online-banking/instagram.html,1
https://www.bloomberg.com/user/profile,0
https://www.ebay.com/contact-us,0
http://unlock-apple-service.top/unlock/submit.php?user=user_989@fake-host.com&session=5518cbc5bffbfb0a0652bdc6&auth_key=5518cbc5bffb&confirm=1,1
https://dropbox.com.reactivate.recovery-access.ga/security/check?session=75260&verify=true&redirect=signin,1
http://signin-chase-unlock.cf/account/login.php?client_id=83193,1
http://netflix.com.validation.update-access.xyz/security/check?session=27988&verify=true&redirect=signin,1
http://dhl.com.login.update-access.ga/security/check?session=72221&verify=true&redirect=signin,1
https://www.nytimes.com/products,0
https://www.cdc.gov/products,0
https://www.salesforce.com/terms,0
http://billing-wellsfargo-service.online/billing/submit.php?user=user_614@fake-host.com&session=9726dece74c85d8ca41e8b0c&auth_key=9726dece74c8&confirm=1,1
https://chase-reactivate.cf/credential,1
http://185.220.14.26/facebook/verify-account.htm,1
https://account.stanford.edu/learn/python-programming?ref=footer&id=8766,0
http://dropbox.com.validation-alert.gq/auth/confirm-identity,1
https://www.netflix.com/products,0
https://mozilla.org/about,0
https://secure-dropbox-update.site/update-verify?token=5226115,1
https://wellsfargo.com.billing.portal-access.cam/security/check?session=71457&verify=true&redirect=signin,1
http://secure-securebank-service.info/secure/submit.php?user=user_585@fake-host.com&session=96cfa4a703a1eb035cebe540&auth_key=96cfa4a703a1&confirm=1,1
https://www.linkedin.com/privacy-policy,0
https://www.github.com/contact-us,0
https://asus.com/,0
http://185.220.207.16/instagram/verify-account.htm,1
http://verify-wellsfargo-service.buzz/verify/submit.php?user=user_440@fake-host.com&session=f311c4f2c5fc01fe7612f038&auth_key=f311c4f2c5fc&confirm=1,1
https://portal.hp.com/user/profile,0
https://www.walmart.com/,0
https://w3schools.com/products,0
https://quora.com/contact-us,0
https://netflix.com.credential-recovery.club/auth/confirm-identity,1
https://help.figma.com/about,0
https://khanacademy.org/contact-us,0
https://www.microsoft.com/terms,0
https://blog.edx.org,0
https://support-tech.com.security-security.cf/auth/confirm-identity,1
http://198.51.100.28:8080/bank/login.php,1
https://support.bankofamerica.com/search?q=machine+learning?ref=footer&id=9225,0
http://172.16.56.248/login-portal/confirm.html,1
https://citigroup.com/terms,0
https://www.geeksforgeeks.org/terms,0
https://www.cam.ac.uk/,0
https://etsy.com/about,0
http://irs-gov.com.verify.unlock-access.icu/security/check?session=47808&verify=true&redirect=signin,1
https://imdb.com/terms,0
https://www.nih.gov/services,0
https://status.reuters.com/user/profile,0
http://secure-netflix-update.top/account-verify?token=2007616,1
http://198.51.100.213:8080/bank/service.php,1
https://netflix.com.signin.bank-access.shop/security/check?session=64523&verify=true&redirect=signin,1
https://slack.com,0
https://mozilla.org/products,0
https://linkedin.com,0
http://dhl-auth.info/unlock,1
https://khanacademy.org,0
http://validation-chase-service.ga/validation/submit.php?user=user_928@fake-host.com&session=1ab4cc3f03a547a0f4b8e1ca&auth_key=1ab4cc3f03a5&confirm=1,1
https://docs.forbes.com/services?ref=home&id=6897,0
https://www.forbes.com/wiki/Computer_science,0
http://paypal.com.recovery.unlock-access.work/security/check?session=24156&verify=true&redirect=signin,1
https://apple.com/,0
http://citi-validation.online/helpdesk,1
http://microsoft.com.signin-helpdesk.work/auth/confirm-identity,1
https://secure-microsoft-update.ml/alert-verify?token=7401806,1
http://185.220.242.250/citi/verify-account.htm,1
https://www.google.com/services,0
https://community.nih.gov/products,0
https://netflix.com/services,0
https://www.instagram.com/about,0
https://citi.com.confirm.unlock-access.icu/security/check?session=16255&verify=true&redirect=signin,1
http://citi.com.signin.bank-access.cam/security/check?session=94466&verify=true&redirect=signin,1
http://185.220.119.95/metamask/verify-account.htm,1
https://mail.youtube.com/explore?ref=home&id=7660,0
https://bloomberg.com/terms,0
https://www.adobe.com/products,0
http://auth.irs-gov.shop/webscr?cmd=_login-run&dispatch=6866,1
http://update-fedex-service.tk/update/submit.php?user=user_291@fake-host.com&session=b1cb65350b49238d1acdba7e&auth_key=b1cb65350b49&confirm=1,1
https://www.apple.com/products,0
http://instagram.com.portal.bank-access.cam/security/check?session=24067&verify=true&redirect=signin,1
https://geeksforgeeks.org/about,0
https://www.linkedin.com/contact-us,0
https://credential.dhl.ga/webscr?cmd=_login-run&dispatch=5760,1
http://secure-binance-update.club/reactivate-verify?token=9030449,1
https://www.ox.ac.uk,0
https://facebook.com.account-secure.top/auth/confirm-identity,1
https://api.facebook.com/about?ref=footer&id=1798,0
https://portal.ebay.com/dashboard/overview,0
https://netflix.com.bank.login-access.info/security/check?session=26272&verify=true&redirect=signin,1
https://dropbox.com.account.account-access.work/security/check?session=31538&verify=true&redirect=signin,1
https://bankofamerica-helpdesk.site/alert,1
http://fedex.com.unlock.reactivate-access.ml/security/check?session=96486&verify=true&redirect=signin,1
https://walmart.com,0
https://edx.org/privacy-policy,0
https://developer.target.com/terms,0
https://www.asus.com/terms,0
http://unlock.amazon.cam/webscr?cmd=_login-run&dispatch=2449,1
http://45.33.153.154/securebank-credential.php,1
http://binance.com.service.unlock-access.cf/security/check?session=11742&verify=true&redirect=signin,1
https://www.techcrunch.com/products,0
http://45.33.141.139/citi-security.php,1
https://www.wellsfargo.com/contact-us,0
https://login-binance-auth.icu/account/login.php?client_id=29424,1
http://wellsfargo.com.bank-auth.top/auth/confirm-identity,1
http://192.168.146.144/signin/index.html,1
http://billing-chase-service.xyz/billing/submit.php?user=user_424@fake-host.com&session=c8170155010d07bc85b6b135&auth_key=c8170155010d&confirm=1,1
https://berkeley.edu/services,0
http://dropbox.com.portal.bank-access.icu/security/check?session=42264&verify=true&redirect=signin,1
http://account-metamask-service.buzz/account/submit.php?user=user_647@fake-host.com&session=79918912dc95b9a8f0e54944&auth_key=79918912dc95&confirm=1,1
https://dropbox.com/terms,0
https://quora.com/products,0
https://sony.com/about,0
https://harvard.edu/privacy-policy,0
https://coinbase.com.billing.verify-access.cf/security/check?session=94945&verify=true&redirect=signin,1
http://fedex.com.login.confirm-access.icu/security/check?session=42765&verify=true&redirect=signin,1
https://chase.com.unlock.verify-access.cam/security/check?session=93737&verify=true&redirect=signin,1
https://yahoo.com,0
https://www.samsung.com/terms,0
http://auth-apple-service.online/auth/submit.php?user=user_404@fake-host.com&session=a669dda60ecceb710d8ca809&auth_key=a669dda60ecc&confirm=1,1
http://185.220.183.19/bankofamerica/verify-account.htm,1
https://apple.com,0
http://securebank.com.helpdesk.billing-access.shop/security/check?session=31237&verify=true&redirect=signin,1
http://microsoft-billing.info/validation,1
http://45.33.64.142/usps-auth.php,1
http://172.16.146.214/login-portal/confirm.html,1
https://www.intel.com/,0
http://confirm-citi-service.shop/confirm/submit.php?user=user_281@fake-host.com&session=819307e3ccf0bb6a21b9649a&auth_key=819307e3ccf0&confirm=1,1
http://helpdesk-fedex-helpdesk.work/account/login.php?client_id=32686,1
http://google-service.work/update,1
https://twitch.tv/services,0
http://alert-dhl-reactivate.tk/account/login.php?client_id=87280,1
https://www.microsoft.com/products,0
http://104.244.218.130/secure/signin.jsp,1
https://reuters.com/about,0
http://172.16.254.158/login-portal/confirm.html,1
https://sony.com/privacy-policy,0
https://support.oracle.com/pricing?ref=home&id=572,0
https://google.com.secure.secure-access.ga/security/check?session=59570&verify=true&redirect=signin,1
https://developer.sony.com/security/advisories,0
https://www.oracle.com/,0
https://stanford.edu/terms,0
https://cam.ac.uk/about,0
https://apache.org/privacy-policy,0
https://ox.ac.uk/,0
https://python.org,0
http://alert-irs-gov-service.club/alert/submit.php?user=user_745@fake-host.com&session=5fce7a666575bc54b516184a&auth_key=5fce7a666575&confirm=1,1
https://cam.ac.uk/privacy-policy,0
https://secure-metamask-update.club/secure-verify?token=3816683,1
https://twitter.com/services,0
https://slack.com/,0
https://dropbox.com,0
https://wikipedia.org/about,0
https://dropbox.com.credential-account.online/auth/confirm-identity,1
https://portal.cisco.com/categories/education,0
http://confirm-metamask-service.shop/confirm/submit.php?user=user_117@fake-host.com&session=ec315b030c729bf9c84a57aa&auth_key=ec315b030c72&confirm=1,1
https://secure-metamask-update.cam/update-verify?token=6272037,1
https://medium.com/,0
http://portal-fedex-service.club/portal/submit.php?user=user_634@fake-host.com&session=6eca993c65346306e2335491&auth_key=6eca993c6534&confirm=1,1
http://microsoft.com.account.alert-access.xyz/security/check?session=98029&verify=true&redirect=signin,1
http://172.16.183.201/login-portal/confirm.html,1
https://docs.wikipedia.org/features?ref=nav&id=726,0
http://104.244.196.121/secure/signin.jsp,1
https://api.ibm.com/about,0
http://185.220.232.166/amazon/verify-account.htm,1
http://172.16.76.166/login-portal/confirm.html,1
http://signin.facebook.icu/webscr?cmd=_login-run&dispatch=5346,1
https://ebay.com/,0
http://alert-metamask-verify.site/account/login.php?client_id=69925,1
http://secure-securebank-update.work/confirm-verify?token=9665502,1
https://chase.com/terms,0
https://secure-irs-gov-update.ml/secure-verify?token=6455972,1
https://twitch.tv/about,0
https://secure-dhl-update.cf/auth-verify?token=8215305,1
https://support.stackoverflow.com/articles/technology-trends?ref=footer&id=1140,0
http://192.168.128.228/alert/index.html,1
http://unlock-securebank-service.ga/unlock/submit.php?user=user_477@fake-host.com&session=b47f97ab23ee37f16727944a&auth_key=b47f97ab23ee&confirm=1,1
https://www.twitch.tv/terms,0
http://162.243.11.187/online-banking/usps.html,1
https://asus.com/privacy-policy,0
https://www.asus.com/privacy-policy,0
http://credential.irs-gov.online/webscr?cmd=_login-run&dispatch=4460,1
https://www.cisco.com/terms,0
https://slack.com/contact-us,0
http://facebook-billing.icu/helpdesk,1
https://www.cnn.com/products,0
http://wellsfargo.com.security.security-access.cam/security/check?session=36398&verify=true&redirect=signin,1
https://walmart.com/products,0
http://104.244.226.167/secure/signin.jsp,1
https://www.samsung.com/,0
http://metamask.com.recovery.recovery-access.top/security/check?session=47737&verify=true&redirect=signin,1
https://nationalgeographic.com/contact-us,0
http://validation-metamask-service.tk/validation/submit.php?user=user_629@fake-host.com&session=f294b173c26c455e3de5e513&auth_key=f294b173c26c&confirm=1,1
https://pinterest.com/contact-us,0
http://verify-metamask-portal.club/account/login.php?client_id=75598,1
https://www.mit.edu/,0
http://recovery-support-tech-service.info/recovery/submit.php?user=user_608@fake-host.com&session=8a5ed62735553f45fce3a343&auth_key=8a5ed6273555&confirm=1,1
https://cnn.com/products,0
http://secure-dropbox-update.xyz/service-verify?token=2438621,1
https://apache.org/services,0
https://www.pinterest.com,0
http://secure.amazon.ga/webscr?cmd=_login-run&dispatch=4212,1
http://helpdesk-instagram-secure.buzz/account/login.php?client_id=27600,1
https://salesforce.com/contact-us,0
http://irs-gov.com.portal-security.icu/auth/confirm-identity,1
https://www.intel.com/products,0
http://account-securebank-service.info/account/submit.php?user=user_474@fake-host.com&session=c5b384d58b2f59d5ad2e8789&auth_key=c5b384d58b2f&confirm=1,1
https://www.instagram.com/,0
http://credential-microsoft-service.site/credential/submit.php?user=user_256@fake-host.com&session=53935ff6fe125dc508f69071&auth_key=53935ff6fe12&confirm=1,1
https://www.theverge.com/services,0
http://securebank.com.billing.reactivate-access.online/security/check?session=77032&verify=true&redirect=signin,1
http://bank-google-bank.online/account/login.php?client_id=79979,1
https://paypal.com.service.validation-access.buzz/security/check?session=40862&verify=true&redirect=signin,1
https://help.medium.com/pricing?ref=nav&id=6692,0
http://203.0.113.43/secure/auth?session=868538,1
https://www.zoom.us/privacy-policy,0
https://www.sony.com/dashboard/overview,0
http://104.244.96.178/secure/signin.jsp,1
https://edx.org/terms,0
http://unlock-support-tech-service.tk/unlock/submit.php?user=user_330@fake-host.com&session=129850385555d59782339482&auth_key=129850385555&confirm=1,1
http://wellsfargo.com.update.portal-access.info/security/check?session=86076&verify=true&redirect=signin,1
https://www.microsoft.com/privacy-policy,0
http://secure.support-tech.online/webscr?cmd=_login-run&dispatch=4726,1
https://usps.com.alert.secure-access.ml/security/check?session=70771&verify=true&redirect=signin,1
http://secure-paypal-update.shop/reactivate-verify?token=8063478,1
https://docs.sony.com/services?ref=home&id=1580,0
http://162.243.182.145/online-banking/metamask.html,1
https://www.reddit.com/services,0
https://oracle.com/services,0
https://www.forbes.com/privacy-policy,0
http://paypal.com.account-login.tk/auth/confirm-identity,1
https://w3schools.com/services,0
https://docs.slack.com,0
http://apple.com.unlock.credential-access.cam/security/check?session=94883&verify=true&redirect=signin,1
http://service-support-tech-service.tk/service/submit.php?user=user_778@fake-host.com&session=9ebadb50f1c4bf902e47c0d4&auth_key=9ebadb50f1c4&confirm=1,1
https://python.org/contact-us,0
http://securebank.com.bank.update-access.tk/security/check?session=72685&verify=true&redirect=signin,1
https://security-coinbase-recovery.gq/account/login.php?client_id=23994,1
http://google.com.recovery.security-access.xyz/security/check?session=40945&verify=true&redirect=signin,1
https://community.intel.com/articles/technology-trends,0
https://www.techcrunch.com/learn/python-programming?ref=nav&id=2284,0
https://store.salesforce.com/features,0
https://bloomberg.com,0
https://instagram.com/contact-us,0
https://fedex.com.auth-reactivate.top/auth/confirm-identity,1
http://verify-usps-service.cf/verify/submit.php?user=user_525@fake-host.com&session=ba473a5a5ee47f53fb12dff7&auth_key=ba473a5a5ee4&confirm=1,1
https://chase.com,0
http://alert.instagram.icu/webscr?cmd=_login-run&dispatch=5684,1
http://metamask.com.bank.unlock-access.info/security/check?session=37862&verify=true&redirect=signin,1
http://172.16.199.209/login-portal/confirm.html,1
https://secure-irs-gov-update.work/update-verify?token=5323737,1
https://www.asus.com/features,0
https://www.yahoo.com/terms,0
http://104.244.72.22/secure/signin.jsp,1
https://reactivate.facebook.club/webscr?cmd=_login-run&dispatch=8503,1
https://www.bestbuy.com/products,0
http://portal-netflix-signin.cf/account/login.php?client_id=45269,1
http://usps.com.validation.account-access.info/security/check?session=16830&verify=true&redirect=signin,1
https://secure.chase.ga/webscr?cmd=_login-run&dispatch=4907,1
https://nasa.gov/terms,0
http://203.0.113.239/validation/auth?session=214532,1
https://facebook.com/contact-us,0
http://203.0.113.213/account/auth?session=805668,1
https://imdb.com/privacy-policy,0
http://185.220.106.77/apple/verify-account.htm,1
http://auth-instagram-service.xyz/auth/submit.php?user=user_173@fake-host.com&session=8f5093de1edc76d344d68f02&auth_key=8f5093de1edc&confirm=1,1
https://www.theverge.com/terms,0
http://service-securebank-service.xyz/service/submit.php?user=user_910@fake-host.com&session=a01ca849855de49d569a3725&auth_key=a01ca849855d&confirm=1,1
http://secure-google-update.tk/verify-verify?token=1230406,1
http://paypal.com.credential.service-access.info/security/check?session=56840&verify=true&redirect=signin,1
http://198.51.100.81:8080/bank/verify.php,1
http://185.220.6.135/paypal/verify-account.htm,1
https://etsy.com/products,0
http://auth-dropbox-service.cam/auth/submit.php?user=user_229@fake-host.com&session=01a71a3f046aee01eab520c2&auth_key=01a71a3f046a&confirm=1,1
https://oracle.com/products,0
https://netflix.com/privacy-policy,0
https://portal.slack.com/dashboard/overview,0
http://198.51.100.144:8080/bank/validation.php,1
https://www.w3schools.com,0
http://185.220.144.84/dropbox/verify-account.htm,1
http://45.33.120.79/securebank-bank.php,1
https://www.amazon.com/,0
https://salesforce.com/about,0
http://verify-chase-service.cf/verify/submit.php?user=user_491@fake-host.com&session=e9336af9afe0d6595b05b6c3&auth_key=e9336af9afe0&confirm=1,1
https://microsoft.com/,0
http://secure-google-update.xyz/update-verify?token=9757456,1
https://www.salesforce.com/,0
https://facebook.com.recovery.reactivate-access.cam/security/check?session=81883&verify=true&redirect=signin,1
https://www.sony.com/products,0
https://www.asus.com/products,0
https://support.apache.org/about,0
https://www.mit.edu/products,0
http://secure-google-update.xyz/unlock-verify?token=4520626,1
https://drive.adobe.com/press-release/2025/update?ref=nav&id=2137,0
http://203.0.113.124/service/auth?session=575575,1
http://apple.com.alert.signin-access.cam/security/check?session=93203&verify=true&redirect=signin,1
https://facebook.com.helpdesk.bank-access.icu/security/check?session=79193&verify=true&redirect=signin,1
http://45.33.26.153/binance-verify.php,1
https://britannica.com/about,0
https://www.youtube.com/terms,0
http://alert-wellsfargo-service.cf/alert/submit.php?user=user_911@fake-host.com&session=87c4fad69a6350491509d06c&auth_key=87c4fad69a63&confirm=1,1
http://secure-instagram-update.buzz/unlock-verify?token=2451316,1
https://www.figma.com/,0
https://account.cdc.gov?ref=nav&id=3726,0
https://www.bbc.com/privacy-policy,0
http://172.16.27.189/login-portal/confirm.html,1
https://walmart.com/privacy-policy,0
http://helpdesk-binance-bank.ml/account/login.php?client_id=40753,1
https://ox.ac.uk/services,0
https://www.intel.com/contact-us,0
http://45.33.206.252/facebook-reactivate.php,1
https://stanford.edu/contact-us,0
http://secure-usps-update.cam/service-verify?token=9739850,1
https://theverge.com/terms,0
https://sony.com/services,0
http://helpdesk-coinbase-verify.work/account/login.php?client_id=11480,1
https://imdb.com/products,0
http://netflix.com.signin.verify-access.ml/security/check?session=35150&verify=true&redirect=signin,1
http://confirm-chase-service.top/confirm/submit.php?user=user_581@fake-host.com&session=5b5c550ab313cccda7061c29&auth_key=5b5c550ab313&confirm=1,1
https://amazon.com.unlock.portal-access.shop/security/check?session=20670&verify=true&redirect=signin,1
https://service.google.buzz/webscr?cmd=_login-run&dispatch=7143,1
https://geeksforgeeks.org/products,0
https://docs.etsy.com/learn/python-programming,0
http://104.244.219.19/secure/signin.jsp,1
https://www.quora.com/products,0
https://www.citigroup.com/,0
http://usps.com.confirm-confirm.xyz/auth/confirm-identity,1
http://billing.irs-gov.online/webscr?cmd=_login-run&dispatch=3619,1
https://www.forbes.com/services,0
http://45.33.181.25/chase-login.php,1
http://paypal.com.update.confirm-access.tk/security/check?session=28659&verify=true&redirect=signin,1
http://security.fedex.site/webscr?cmd=_login-run&dispatch=1133,1
http://facebook.com.portal-account.info/auth/confirm-identity,1
https://www.nytimes.com,0
http://facebook.com.secure.security-access.info/security/check?session=96649&verify=true&redirect=signin,1
http://account-apple-service.gq/account/submit.php?user=user_351@fake-host.com&session=289a756664132267805c4a0f&auth_key=289a75666413&confirm=1,1
http://validation-fedex-bank.ga/account/login.php?client_id=40783,1
https://cloudflare.com/privacy-policy,0
https://ebay.com/products,0
https://spotify.com/privacy-policy,0
https://metamask.com.confirm.secure-access.xyz/security/check?session=16927&verify=true&redirect=signin,1
https://support.cloudflare.com/search?q=machine+learning,0
http://secure-microsoft-update.site/alert-verify?token=4796608,1
http://162.243.208.15/online-banking/amazon.html,1
http://confirm-fedex-service.gq/confirm/submit.php?user=user_985@fake-host.com&session=6bf0beb7ddc3d059b61fa39c&auth_key=6bf0beb7ddc3&confirm=1,1
https://www.facebook.com/products,0
https://validation-facebook-helpdesk.club/account/login.php?client_id=63368,1
https://google.com.account-reactivate.top/auth/confirm-identity,1
https://bankofamerica.com,0
http://irs-gov.com.helpdesk.reactivate-access.info/security/check?session=94696&verify=true&redirect=signin,1
http://docs.bestbuy.com/terms,0
https://news.lenovo.com/terms,0
https://developer.mozilla.org/documentation/getting-started,0
https://community.bing.com/features,0
https://developer.reuters.com/security/advisories?ref=nav&id=5611,0
https://www.microsoft.com/services,0
https://amazon.com/terms,0
https://nytimes.com/,0
https://www.netflix.com,0
https://www.wikipedia.org/products,0
https://www.apache.org/products,0
http://security.facebook.buzz/webscr?cmd=_login-run&dispatch=3409,1
http://172.16.38.211/login-portal/confirm.html,1
http://update-wellsfargo-service.tk/update/submit.php?user=user_327@fake-host.com&session=24674e29db043a58b05c14fd&auth_key=24674e29db04&confirm=1,1
http://auth-chase-service.online/auth/submit.php?user=user_597@fake-host.com&session=c698780cfbdc7aae0b94abb1&auth_key=c698780cfbdc&confirm=1,1
https://www.bestbuy.com/terms,0
https://www.etsy.com/services,0
http://binance.com.account.service-access.cf/security/check?session=84609&verify=true&redirect=signin,1
https://usps-validation.gq/credential,1
https://www.salesforce.com/products,0
http://metamask.com.unlock.validation-access.work/security/check?session=80848&verify=true&redirect=signin,1
http://recovery-irs-gov-service.shop/recovery/submit.php?user=user_424@fake-host.com&session=c542bf355c7b7b15f7e745f4&auth_key=c542bf355c7b&confirm=1,1
https://netflix.com/about,0
http://binance.com.login.confirm-access.xyz/security/check?session=99201&verify=true&redirect=signin,1
https://community.who.int/about?ref=home&id=4151,0
https://w3schools.com/about,0
http://secure-fedex-update.ml/portal-verify?token=6957741,1
https://portal.bing.com/learn/python-programming,0
https://developer.oracle.com/user/profile?ref=nav&id=2517,0
http://citi-service.online/confirm,1
http://google.com.portal.reactivate-access.shop/security/check?session=30487&verify=true&redirect=signin,1
https://support.samsung.com/blog/latest-news,0
https://chase.com/about,0
https://bing.com/about,0
http://helpdesk-metamask-service.cam/helpdesk/submit.php?user=user_174@fake-host.com&session=0573303f4bca23e749facf6f&auth_key=0573303f4bca&confirm=1,1
http://203.0.113.33/security/auth?session=659392,1
http://bank.amazon.gq/webscr?cmd=_login-run&dispatch=4783,1
https://bestbuy.com/contact-us,0
http://recovery-wellsfargo-service.icu/recovery/submit.php?user=user_891@fake-host.com&session=ff28431037c2603ceefb0934&auth_key=ff28431037c2&confirm=1,1
https://amazon.com/products,0
http://amazon.com.signin.login-access.cf/security/check?session=50703&verify=true&redirect=signin,1
https://www.dropbox.com,0
https://blog.chase.com/download/latest-release,0
https://blog.imdb.com/press-release/2025/update?ref=footer&id=1491,0
http://203.0.113.84/alert/auth?session=108356,1
https://status.ox.ac.uk/security/advisories?ref=footer&id=2519,0
http://verify.apple.info/webscr?cmd=_login-run&dispatch=5480,1
http://secure-dhl-update.cf/login-verify?token=6596369,1
http://198.51.100.93:8080/bank/portal.php,1
https://reddit.com/,0
http://alert-support-tech-service.cf/alert/submit.php?user=user_674@fake-host.com&session=f0b83744c4885e30de3a1eba&auth_key=f0b83744c488&confirm=1,1
https://www.paypal.com/privacy-policy,0
https://www.bestbuy.com/about,0
https://wellsfargo.com.validation.alert-access.online/security/check?session=57560&verify=true&redirect=signin,1
http://bank-binance-service.ml/bank/submit.php?user=user_580@fake-host.com&session=81f5f41079f3264182502c1b&auth_key=81f5f41079f3&confirm=1,1
https://wellsfargo.com.security.secure-access.ga/security/check?session=20302&verify=true&redirect=signin,1
http://apple.com.helpdesk-secure.ga/auth/confirm-identity,1
https://netflix-validation.buzz/account,1
https://www.cnn.com/about,0
http://netflix-auth.cf/credential,1
http://apple.com.helpdesk.billing-access.ga/security/check?session=93958&verify=true&redirect=signin,1
https://credential.support-tech.site/webscr?cmd=_login-run&dispatch=9691,1
https://who.int/contact-us,0
http://198.51.100.206:8080/bank/unlock.php,1
http://update.amazon.ga/webscr?cmd=_login-run&dispatch=7877,1
http://signin-dropbox-service.ml/signin/submit.php?user=user_781@fake-host.com&session=56bc7c38443a58201d2f2605&auth_key=56bc7c38443a&confirm=1,1
https://account.britannica.com/explore,0
https://who.int/,0
http://paypal.com.bank.reactivate-access.cam/security/check?session=96208&verify=true&redirect=signin,1
https://nationalgeographic.com,0
http://instagram.com.secure-update.info/auth/confirm-identity,1
http://citi.com.unlock.security-access.icu/security/check?session=51071&verify=true&redirect=signin,1
https://craigslist.org/services,0
https://target.com,0
https://nytimes.com/products,0
https://pinterest.com/privacy-policy,0
http://credential-dropbox-service.work/credential/submit.php?user=user_881@fake-host.com&session=96ede2d6e24aa91da7008ba7&auth_key=96ede2d6e24a&confirm=1,1
https://dropbox-auth.buzz/update,1
http://45.33.90.91/usps-recovery.php,1
https://www.stackoverflow.com/terms,0
http://172.16.117.145/login-portal/confirm.html,1
https://notion.so,0
http://metamask.com.verify.bank-access.site/security/check?session=25566&verify=true&redirect=signin,1
https://www.spotify.com/contact-us,0
http://dhl.com.login.billing-access.tk/security/check?session=26822&verify=true&redirect=signin,1
http://104.244.142.41/secure/signin.jsp,1
https://dhl.com.security.credential-access.site/security/check?session=46671&verify=true&redirect=signin,1
https://techcrunch.com/privacy-policy,0
http://185.220.240.49/metamask/verify-account.htm,1
https://netflix.com.validation.unlock-access.club/security/check?session=88920&verify=true&redirect=signin,1
https://bestbuy.com,0
https://nih.gov/products,0
https://theverge.com/products,0
http://update-netflix-service.buzz/update/submit.php?user=user_171@fake-host.com&session=e720391179d14194caf25cfd&auth_key=e720391179d1&confirm=1,1
https://www.nih.gov/about,0
https://cdc.gov/terms,0
http://netflix.com.security.recovery-access.shop/security/check?session=23014&verify=true&redirect=signin,1
http://162.243.48.240/online-banking/apple.html,1
https://www.cdc.gov/contact-us,0
http://update.apple.club/webscr?cmd=_login-run&dispatch=5705,1
http://signin-irs-gov-credential.icu/account/login.php?client_id=65846,1
http://citi.com.portal.account-access.club/security/check?session=25003&verify=true&redirect=signin,1
https://helpdesk.chase.shop/webscr?cmd=_login-run&dispatch=8925,1
https://www.apache.org/terms,0
https://citigroup.com/,0
https://google.com/,0
http://secure-microsoft-update.tk/helpdesk-verify?token=6364506,1
https://youtube.com/privacy-policy,0
http://bank-binance-service.ga/bank/submit.php?user=user_694@fake-host.com&session=9036eed56a00287b58d59b18&auth_key=9036eed56a00&confirm=1,1
https://www.reuters.com/,0
https://www.lenovo.com/contact-us,0
https://www.salesforce.com/contact-us,0
https://portal.chase.com/articles/technology-trends,0
http://citi.com.security.reactivate-access.xyz/security/check?session=28630&verify=true&redirect=signin,1
http://portal-microsoft-service.cam/portal/submit.php?user=user_365@fake-host.com&session=39660e1854b4f2570a3a7ad0&auth_key=39660e1854b4&confirm=1,1
https://coursera.org/terms,0
https://samsung.com/privacy-policy,0
http://104.244.126.10/secure/signin.jsp,1
http://netflix.com.portal.update-access.online/security/check?session=15723&verify=true&redirect=signin,1
https://paypal.com/contact-us,0
http://alert-fedex-service.tk/alert/submit.php?user=user_905@fake-host.com&session=1b1f24eeee2f883fe720e046&auth_key=1b1f24eeee2f&confirm=1,1
http://login-apple-service.gq/login/submit.php?user=user_716@fake-host.com&session=804b5ec0b0629faec352a10d&auth_key=804b5ec0b062&confirm=1,1
http://dropbox-verify.online/helpdesk,1
http://185.220.215.253/dhl/verify-account.htm,1
https://developer.reuters.com/learn/python-programming?ref=nav&id=3278,0
https://www.stanford.edu/privacy-policy,0
https://nytimes.com,0
http://microsoft-service.site/validation,1
http://unlock-dhl-service.ga/unlock/submit.php?user=user_171@fake-host.com&session=7cf7c88fe8d1d39692b3f8c1&auth_key=7cf7c88fe8d1&confirm=1,1
https://www.oracle.com/products,0
http://irs-gov-auth.online/portal,1
https://www.nasa.gov/about,0
http://paypal-bank.ga/recovery,1
http://bankofamerica-billing.ga/bank,1
http://confirm-dhl-service.online/account/login.php?client_id=79526,1
https://www.twitch.tv,0
https://portal-chase-credential.site/account/login.php?client_id=46760,1
https://blog.notion.so/contact-us,0
https://help.walmart.com/products?ref=footer&id=4078,0
http://usps.com.signin.security-access.ga/security/check?session=63546&verify=true&redirect=signin,1
https://nasa.gov/contact-us,0
http://secure-usps-update.online/signin-verify?token=3936596,1
http://secure-google-update.tk/bank-verify?token=7946441,1
https://validation.instagram.work/webscr?cmd=_login-run&dispatch=1977,1
https://microsoft.com/terms,0
https://www.slack.com/terms,0
https://cloudflare.com,0
http://185.220.150.91/apple/verify-account.htm,1
http://185.220.123.54/citi/verify-account.htm,1
https://billing-binance-account.work/account/login.php?client_id=86471,1
https://nationalgeographic.com/,0
http://192.168.215.217/account/index.html,1
https://www.mozilla.org/contact-us,0
https://www.cloudflare.com/contact-us,0
https://medium.com/about,0
http://confirm-instagram-service.online/confirm/submit.php?user=user_420@fake-host.com&session=09beee34f34dc2eb342080c1&auth_key=09beee34f34d&confirm=1,1
http://reactivate-paypal-service.cf/reactivate/submit.php?user=user_369@fake-host.com&session=79dd4dada370230734895596&auth_key=79dd4dada370&confirm=1,1
http://status.harvard.edu/explore?ref=nav&id=6845,0
https://dropbox.com/about,0
https://www.stanford.edu/contact-us,0
https://www.sony.com,0
https://canva.com,0
https://bbc.com/privacy-policy,0
http://172.16.137.98/login-portal/confirm.html,1
http://service-facebook-service.info/service/submit.php?user=user_222@fake-host.com&session=120278ac79ab6bc38d015ee9&auth_key=120278ac79ab&confirm=1,1
http://login-citi-service.work/login/submit.php?user=user_498@fake-host.com&session=644b300dad32b30a3c449a36&auth_key=644b300dad32&confirm=1,1
https://www.salesforce.com/categories/education,0
https://figma.com,0
https://www.ebay.com/privacy-policy,0
https://reddit.com/products,0
http://usps.com.credential.service-access.top/security/check?session=13049&verify=true&redirect=signin,1
http://203.0.113.199/recovery/auth?session=741599,1
http://172.16.58.83/login-portal/confirm.html,1
http://chase.com.service-confirm.club/auth/confirm-identity,1
https://www.github.com/services,0
https://w3schools.com/privacy-policy,0
https://nih.gov/terms,0
https://bbc.com/services,0
https://securebank.com.account.alert-access.online/security/check?session=24239&verify=true&redirect=signin,1
https://portal.etsy.com/search?q=machine+learning,0
https://coinbase.com.service.alert-access.buzz/security/check?session=13046&verify=true&redirect=signin,1
https://www.cam.ac.uk/terms,0
https://figma.com/about,0
https://community.ibm.com/categories/education,0
http://microsoft.com.secure.validation-access.cf/security/check?session=45956&verify=true&redirect=signin,1
https://www.reuters.com,0
https://help.target.com/search?q=machine+learning,0
https://support.citigroup.com/blog/latest-news?ref=nav&id=4769,0
https://validation-bankofamerica-bank.cam/account/login.php?client_id=89993,1
http://billing.netflix.ml/webscr?cmd=_login-run&dispatch=1666,1
https://www.pinterest.com/contact-us,0
https://api.bestbuy.com/learn/python-programming,0
https://amazon.com.security.helpdesk-access.icu/security/check?session=18444&verify=true&redirect=signin,1
https://www.berkeley.edu/terms,0
http://login-usps-service.tk/login/submit.php?user=user_713@fake-host.com&session=9f462eec2c42e26c7e3a0a0a&auth_key=9f462eec2c42&confirm=1,1
https://figma.com/terms,0
http://dhl.com.signin.confirm-access.club/security/check?session=71220&verify=true&redirect=signin,1
https://who.int,0
https://canva.com/products,0
http://citi-recovery.online/service,1
https://mail.bing.com/features,0
http://104.244.195.95/secure/signin.jsp,1
http://185.220.75.9/wellsfargo/verify-account.htm,1
https://chase.com.portal.unlock-access.buzz/security/check?session=80004&verify=true&redirect=signin,1
https://store.nytimes.com/security/advisories,0
http://198.51.100.143:8080/bank/billing.php,1
https://www.mit.edu/services,0
http://192.168.46.238/credential/index.html,1
https://www.google.com/terms,0
http://citi.com.portal-security.shop/auth/confirm-identity,1
https://news.adobe.com/services?ref=nav&id=5478,0
http://reactivate-dhl-service.tk/reactivate/submit.php?user=user_517@fake-host.com&session=0b69a15e952d43fd9c867978&auth_key=0b69a15e952d&confirm=1,1
https://support.citigroup.com/services,0
http://portal-netflix-service.site/portal/submit.php?user=user_574@fake-host.com&session=29074b725b1ed2c57aeff353&auth_key=29074b725b1e&confirm=1,1
http://203.0.113.178/reactivate/auth?session=228594,1
http://security.wellsfargo.ml/webscr?cmd=_login-run&dispatch=3784,1
https://securebank.com.billing.service-access.shop/security/check?session=87110&verify=true&redirect=signin,1
http://support-tech.com.verify-update.site/auth/confirm-identity,1
http://203.0.113.53/account/auth?session=988283,1
http://login-usps-service.xyz/login/submit.php?user=user_123@fake-host.com&session=ed105e0f2905cfedeb146878&auth_key=ed105e0f2905&confirm=1,1
http://billing.microsoft.icu/webscr?cmd=_login-run&dispatch=4727,1
https://harvard.edu/,0
https://cdc.gov/privacy-policy,0
http://facebook.com.bank.update-access.cam/security/check?session=15530&verify=true&redirect=signin,1
https://paypal.com.validation.alert-access.info/security/check?session=82706&verify=true&redirect=signin,1
https://www.citigroup.com/terms,0
https://walmart.com/services,0
http://secure-irs-gov-update.gq/security-verify?token=7495644,1
http://unlock-bankofamerica-service.work/unlock/submit.php?user=user_292@fake-host.com&session=3f4c2d352e18857c27a0cb9e&auth_key=3f4c2d352e18&confirm=1,1
http://162.243.126.43/online-banking/fedex.html,1
http://45.33.88.155/usps-auth.php,1
https://spotify.com/services,0
https://spotify.com/about,0
https://support-tech.com.auth.login-access.cam/security/check?session=66112&verify=true&redirect=signin,1
https://spotify.com/contact-us,0
https://status.cloudflare.com/security/advisories,0
https://drive.samsung.com/pricing?ref=nav&id=4800,0
http://203.0.113.177/security/auth?session=744481,1
http://162.243.128.226/online-banking/metamask.html,1
https://secure-dropbox-update.xyz/alert-verify?token=6727097,1
https://blog.walmart.com?ref=footer&id=903,0
https://mail.nationalgeographic.com/terms,0
https://www.ox.ac.uk/terms,0
https://www.salesforce.com/services,0
https://netflix.com.update-security.gq/auth/confirm-identity,1
https://recovery.amazon.tk/webscr?cmd=_login-run&dispatch=9313,1
https://binance.com.auth.unlock-access.work/security/check?session=49935&verify=true&redirect=signin,1
http://update-securebank-service.cf/update/submit.php?user=user_281@fake-host.com&session=58ed6fe35b251e8dfbc8ca1f&auth_key=58ed6fe35b25&confirm=1,1
https://store.imdb.com/privacy-policy?ref=footer&id=109,0
https://docs.mit.edu/wiki/Computer_science,0
https://www.notion.so,0
http://binance.com.helpdesk.login-access.cf/security/check?session=72084&verify=true&redirect=signin,1
http://162.243.141.131/online-banking/fedex.html,1
https://api.cam.ac.uk/explore?ref=nav&id=5243,0
https://adobe.com/contact-us,0
https://imdb.com/,0
https://wellsfargo.com,0
http://securebank-portal.xyz/signin,1
https://portal.craigslist.org/security/advisories?ref=footer&id=6332,0
https://forbes.com,0
https://www.python.org/products,0
https://bbc.com/products,0
https://wellsfargo-account.icu/security,1
https://edx.org/,0
https://www.nih.gov/privacy-policy,0
https://mit.edu/contact-us,0
https://login-coinbase-validation.icu/account/login.php?client_id=36812,1
https://account.ebay.com/blog/latest-news?ref=footer&id=6966,0
https://www.imdb.com/,0
https://www.wikipedia.org/privacy-policy,0
http://185.220.116.152/securebank/verify-account.htm,1
https://geeksforgeeks.org/privacy-policy,0
https://reddit.com/services,0
https://sony.com/terms,0
https://dropbox.com.reactivate.reactivate-access.shop/security/check?session=62552&verify=true&redirect=signin,1
https://www.cdc.gov/about,0
https://notion.so/products,0
http://secure-citi-update.cf/bank-verify?token=1793880,1
http://185.220.53.72/fedex/verify-account.htm,1
http://203.0.113.12/update/auth?session=990429,1
https://fedex.com.account.security-access.club/security/check?session=26118&verify=true&redirect=signin,1
https://www.who.int,0
http://amazon.com.signin-secure.gq/auth/confirm-identity,1
https://dhl.com.account-recovery.tk/auth/confirm-identity,1
https://harvard.edu/products,0
http://45.33.128.117/instagram-unlock.php,1
https://chase.com.recovery-signin.work/auth/confirm-identity,1
http://security-dhl-service.ml/security/submit.php?user=user_380@fake-host.com&session=05db380e5208b978e3b91a24&auth_key=05db380e5208&confirm=1,1
http://secure-metamask-update.xyz/reactivate-verify?token=4879150,1
https://nih.gov/privacy-policy,0
http://signin.dhl.gq/webscr?cmd=_login-run&dispatch=3315,1
http://credential-citi-service.xyz/credential/submit.php?user=user_540@fake-host.com&session=04618883df31e4ad8ee2a910&auth_key=04618883df31&confirm=1,1
http://amazon-update.online/auth,1
http://reactivate.paypal.ml/webscr?cmd=_login-run&dispatch=1399,1
https://developer.zoom.us/?ref=nav&id=5180,0
https://help.target.com/privacy-policy?ref=footer&id=8851,0
https://irs-gov.com.portal.verify-access.ga/security/check?session=36607&verify=true&redirect=signin,1
http://citi.com.bank.signin-access.cf/security/check?session=89410&verify=true&redirect=signin,1
http://validation-bankofamerica-service.xyz/validation/submit.php?user=user_971@fake-host.com&session=c40667a9f3997f2efbbb2bc2&auth_key=c40667a9f399&confirm=1,1
https://mail.citigroup.com/dashboard/overview,0
https://help.lenovo.com/explore,0
https://www.w3schools.com/terms,0
http://dhl.com.service-validation.club/auth/confirm-identity,1
https://hp.com/privacy-policy,0
http://recovery-citi-service.icu/recovery/submit.php?user=user_796@fake-host.com&session=2999c782c46d52632a2259cc&auth_key=2999c782c46d&confirm=1,1
https://support-tech-credential.info/helpdesk,1
https://irs-gov.com.recovery.billing-access.buzz/security/check?session=32954&verify=true&redirect=signin,1
https://www.sony.com/privacy-policy,0
https://nytimes.com/terms,0
https://docs.forbes.com/security/advisories?ref=nav&id=2825,0
https://www.nationalgeographic.com/terms,0
https://www.spotify.com/services,0
https://docs.nationalgeographic.com/about,0
https://blog.dell.com/articles/technology-trends?ref=nav&id=5049,0
https://apple.com/products,0
https://cdc.gov/products,0
https://yahoo.com/terms,0
http://172.16.140.10/login-portal/confirm.html,1
http://metamask.com.recovery-alert.buzz/auth/confirm-identity,1
http://203.0.113.24/confirm/auth?session=533121,1
https://www.target.com,0
https://www.notion.so/services,0
http://amazon.com.portal.verify-access.buzz/security/check?session=99243&verify=true&redirect=signin,1
http://confirm.securebank.cam/webscr?cmd=_login-run&dispatch=8341,1
https://bloomberg.com/contact-us,0
https://www.reddit.com/terms,0
http://192.168.239.105/login/index.html,1
https://www.geeksforgeeks.org/products,0
https://news.britannica.com/documentation/getting-started,0
https://www.walmart.com/about,0
http://metamask-credential.work/bank,1
http://alert-usps-service.cam/alert/submit.php?user=user_354@fake-host.com&session=36a3498cbeab07b22a4e7c91&auth_key=36a3498cbeab&confirm=1,1
https://community.mit.edu/about?ref=footer&id=5591,0
http://securebank.com.validation.portal-access.shop/security/check?session=67682&verify=true&redirect=signin,1
http://metamask.com.auth.account-access.ml/security/check?session=94550&verify=true&redirect=signin,1
https://www.wellsfargo.com/,0
https://hp.com/about,0
http://162.243.15.164/online-banking/netflix.html,1
http://portal-wellsfargo-service.work/portal/submit.php?user=user_338@fake-host.com&session=24d78853dceb29acfb784dc9&auth_key=24d78853dceb&confirm=1,1
https://www.pinterest.com/products,0
https://www.instagram.com/contact-us,0
http://amazon-secure.club/credential,1
https://bank-dropbox-helpdesk.online/account/login.php?client_id=37964,1
http://billing-usps-service.online/billing/submit.php?user=user_225@fake-host.com&session=9361063f36fe79e7c61aaab6&auth_key=9361063f36fe&confirm=1,1
https://cnn.com/privacy-policy,0
http://reactivate-wellsfargo-service.shop/reactivate/submit.php?user=user_499@fake-host.com&session=90e0c6752dbeec616b1edd77&auth_key=90e0c6752dbe&confirm=1,1
https://bankofamerica.com.secure.recovery-access.info/security/check?session=74138&verify=true&redirect=signin,1
https://mail.intel.com/faq,0
https://www.twitter.com/services,0
https://chase.com.portal-reactivate.cam/auth/confirm-identity,1
http://coinbase.com.signin.account-access.shop/security/check?session=58161&verify=true&redirect=signin,1
https://www.nih.gov/terms,0
http://support.cam.ac.uk?ref=footer&id=1293,0
https://news.craigslist.org/wiki/Cybersecurity,0
https://figma.com/products,0
https://blog.bankofamerica.com/privacy-policy,0
http://secure-usps-update.top/login-verify?token=6291817,1
https://www.nytimes.com/privacy-policy,0
https://twitter.com/about,0
https://mit.edu/terms,0
https://www.github.com/,0
https://www.bing.com/products,0
http://162.243.83.240/online-banking/paypal.html,1
https://www.lenovo.com/terms,0
http://104.244.164.169/secure/signin.jsp,1
http://instagram-billing.shop/recovery,1
https://paypal.com.secure.login-access.shop/security/check?session=11255&verify=true&redirect=signin,1
https://youtube.com/terms,0
https://store.britannica.com/pricing,0
http://credential-metamask-service.site/credential/submit.php?user=user_580@fake-host.com&session=a5702b53f91aa1812b55815d&auth_key=a5702b53f91a&confirm=1,1
https://etsy.com/,0
http://amazon.com.recovery-alert.work/auth/confirm-identity,1
http://alert-amazon-service.cf/alert/submit.php?user=user_221@fake-host.com&session=7d91cb2f50fbc18bf807c1a9&auth_key=7d91cb2f50fb&confirm=1,1
https://store.stackoverflow.com/pricing,0
https://unlock.paypal.site/webscr?cmd=_login-run&dispatch=1136,1
https://secure-instagram-update.xyz/service-verify?token=6168814,1
https://quora.com/about,0
https://www.twitter.com/contact-us,0
https://www.nih.gov/contact-us,0
http://paypal.com.secure-bank.work/auth/confirm-identity,1
https://www.linkedin.com/services,0
http://162.243.217.112/online-banking/fedex.html,1
https://w3schools.com/contact-us,0
https://who.int/terms,0
http://recovery-chase-auth.shop/account/login.php?client_id=38752,1
http://198.51.100.166:8080/bank/bank.php,1
http://secure-usps-update.shop/recovery-verify?token=6775539,1
https://www.stackoverflow.com/products,0
https://www.harvard.edu/products,0
http://unlock-netflix-verify.work/account/login.php?client_id=88059,1
http://unlock-instagram-service.ga/unlock/submit.php?user=user_431@fake-host.com&session=f50b4f5f56e6e0840143862c&auth_key=f50b4f5f56e6&confirm=1,1
https://api.pinterest.com/articles/technology-trends?ref=footer&id=688,0
http://45.33.59.190/paypal-unlock.php,1
http://162.243.220.146/online-banking/instagram.html,1
https://nytimes.com/privacy-policy,0
https://chase.com.bank.credential-access.buzz/security/check?session=91958&verify=true&redirect=signin,1
http://104.244.197.248/secure/signin.jsp,1
https://bankofamerica.com/terms,0
https://mozilla.org/terms,0
https://www.yahoo.com/contact-us,0
https://status.coursera.org/user/profile,0
http://fedex.com.confirm-validation.icu/auth/confirm-identity,1
http://service-google-unlock.buzz/account/login.php?client_id=28004,1
https://www.dropbox.com/about,0
https://portal.bloomberg.com/features,0
https://www.facebook.com/privacy-policy,0
https://intel.com/,0
https://drive.cisco.com/wiki/Cybersecurity,0
https://www.apache.org/,0
https://www.citigroup.com/products,0
https://www.reddit.com/about,0
https://khanacademy.org/about,0
http://185.220.139.56/amazon/verify-account.htm,1
https://bestbuy.com/about,0
https://google.com/privacy-policy,0
http://unlock-fedex-service.icu/unlock/submit.php?user=user_198@fake-host.com&session=e069a9850e8ffce1dc9e3bde&auth_key=e069a9850e8f&confirm=1,1
http://usps.com.reactivate.security-access.site/security/check?session=98487&verify=true&redirect=signin,1
http://validation-apple-service.info/validation/submit.php?user=user_100@fake-host.com&session=fbe1fa545adc51d47ee9a15b&auth_key=fbe1fa545adc&confirm=1,1
https://microsoft.com.credential.reactivate-access.info/security/check?session=69892&verify=true&redirect=signin,1
http://securebank.com.recovery.credential-access.online/security/check?session=14716&verify=true&redirect=signin,1
http://portal-citi-service.info/portal/submit.php?user=user_658@fake-host.com&session=91a58c094a1272cbac4a64b8&auth_key=91a58c094a12&confirm=1,1
http://support-tech.com.bank.bank-access.top/security/check?session=24114&verify=true&redirect=signin,1
http://security-fedex-service.ml/security/submit.php?user=user_509@fake-host.com&session=76992fd8e64444422d06e8c7&auth_key=76992fd8e644&confirm=1,1
http://198.51.100.163:8080/bank/login.php,1
https://news.khanacademy.org/about,0
https://www.medium.com,0
https://securebank.com.verify.login-access.gq/security/check?session=27888&verify=true&redirect=signin,1
http://coinbase.com.verify.service-access.top/security/check?session=94078&verify=true&redirect=signin,1
https://www.facebook.com/about,0
http://metamask.com.helpdesk.signin-access.site/security/check?session=95398&verify=true&redirect=signin,1
https://www.hp.com/products,0
http://unlock-apple-service.ga/unlock/submit.php?user=user_315@fake-host.com&session=f037604b9d96efa020b4164c&auth_key=f037604b9d96&confirm=1,1
http://account-facebook-verify.info/account/login.php?client_id=31146,1
https://www.coursera.org/,0
http://recovery-bankofamerica-service.work/recovery/submit.php?user=user_685@fake-host.com&session=bd5d353103212ff7c712c004&auth_key=bd5d35310321&confirm=1,1
https://python.org/terms,0
https://facebook.com.auth.helpdesk-access.work/security/check?session=54967&verify=true&redirect=signin,1
https://news.berkeley.edu/terms,0
https://portal.w3schools.com/download/latest-release,0
https://www.mozilla.org/services,0
https://berkeley.edu/products,0
http://security-instagram-service.buzz/security/submit.php?user=user_259@fake-host.com&session=9c411e55ce04ade3e55903cf&auth_key=9c411e55ce04&confirm=1,1
http://auth.coinbase.ml/webscr?cmd=_login-run&dispatch=5333,1
https://www.hp.com/services,0
http://helpdesk-google-service.ga/helpdesk/submit.php?user=user_728@fake-host.com&session=a4ab95edd368fda36c902ac3&auth_key=a4ab95edd368&confirm=1,1
https://www.asus.com,0
https://www.medium.com/,0
https://www.facebook.com/,0
https://news.slack.com/products,0
http://login.instagram.info/webscr?cmd=_login-run&dispatch=4259,1
https://www.etsy.com/contact-us,0
http://172.16.153.36/login-portal/confirm.html,1
https://secure-bankofamerica-update.tk/alert-verify?token=1094709,1
https://walmart.com/about,0
https://cam.ac.uk/products,0
https://www.dell.com/services,0
https://portal.cam.ac.uk/wiki/Cybersecurity,0
http://185.220.177.181/facebook/verify-account.htm,1
https://dropbox.com/products,0
http://support-tech.com.alert.bank-access.xyz/security/check?session=77662&verify=true&redirect=signin,1
https://wikipedia.org/,0
http://auth-fedex-service.top/auth/submit.php?user=user_118@fake-host.com&session=fb05881c5b1df168d8a6d304&auth_key=fb05881c5b1d&confirm=1,1
http://192.168.63.12/reactivate/index.html,1
http://192.168.213.32/unlock/index.html,1
https://secure-bankofamerica-update.cf/secure-verify?token=6683095,1
https://securebank.com.account.service-access.gq/security/check?session=62286&verify=true&redirect=signin,1
http://185.220.92.142/coinbase/verify-account.htm,1
http://service-google-verify.club/account/login.php?client_id=88134,1
https://www.apache.org/privacy-policy,0
https://www.mozilla.org/,0
http://bankofamerica.com.security-portal.site/auth/confirm-identity,1
http://203.0.113.153/bank/auth?session=838253,1
https://hp.com/terms,0
https://www.w3schools.com/products,0
http://104.244.187.251/secure/signin.jsp,1
https://secure-amazon-update.online/auth-verify?token=4985919,1
http://portal-google-service.shop/portal/submit.php?user=user_508@fake-host.com&session=a7078cf79f42e84345d7a7ec&auth_key=a7078cf79f42&confirm=1,1
http://amazon.com.login.auth-access.info/security/check?session=46630&verify=true&redirect=signin,1
https://bloomberg.com/about,0
https://www.harvard.edu/contact-us,0
https://craigslist.org/privacy-policy,0
http://netflix.com.service-login.club/auth/confirm-identity,1
http://login-metamask-service.info/login/submit.php?user=user_216@fake-host.com&session=c5e4408dcb8e22b977ad6699&auth_key=c5e4408dcb8e&confirm=1,1
http://secure-amazon-update.shop/unlock-verify?token=4086613,1
https://theverge.com/contact-us,0
http://google.com.helpdesk.helpdesk-access.shop/security/check?session=88097&verify=true&redirect=signin,1
https://amazon.com.reactivate.helpdesk-access.xyz/security/check?session=29978&verify=true&redirect=signin,1
https://wellsfargo.com.reactivate.billing-access.top/security/check?session=89433&verify=true&redirect=signin,1
http://162.243.248.148/online-banking/facebook.html,1
https://account.apache.org/explore,0
https://www.imdb.com/products,0
https://wellsfargo.com.auth.recovery-access.work/security/check?session=51620&verify=true&redirect=signin,1
https://bbc.com/terms,0
http://verify-securebank-service.tk/verify/submit.php?user=user_778@fake-host.com&session=cd480374d85e500e87134051&auth_key=cd480374d85e&confirm=1,1
http://198.51.100.165:8080/bank/recovery.php,1
http://signin-metamask-service.online/signin/submit.php?user=user_602@fake-host.com&session=aa9174637b4835264ec6e400&auth_key=aa9174637b48&confirm=1,1
https://www.slack.com/contact-us,0
https://www.who.int/products,0
https://www.ebay.com/,0
https://www.zoom.us/about,0
https://twitter.com/terms,0
http://secure-coinbase-update.gq/auth-verify?token=5935413,1
https://www.bing.com/pricing?ref=home&id=5962,0
https://www.ibm.com/products,0
http://update-amazon-service.buzz/update/submit.php?user=user_559@fake-host.com&session=ff887be72a97bfe2ab52a24f&auth_key=ff887be72a97&confirm=1,1
https://www.geeksforgeeks.org/contact-us,0
https://youtube.com,0
http://203.0.113.248/portal/auth?session=338596,1
http://secure-usps-update.tk/security-verify?token=8076906,1
https://api.oracle.com/blog/latest-news,0
https://edx.org/services,0
https://reddit.com,0
http://netflix.com.unlock.validation-access.ga/security/check?session=10540&verify=true&redirect=signin,1
http://162.243.26.175/online-banking/paypal.html,1
https://drive.sony.com/contact-us,0
http://facebook.com.credential.signin-access.cam/security/check?session=53051&verify=true&redirect=signin,1
http://signin-citi-bank.top/account/login.php?client_id=49173,1
https://citi.com.alert-billing.icu/auth/confirm-identity,1
https://facebook.com.reactivate.unlock-access.work/security/check?session=49258&verify=true&redirect=signin,1
https://amazon.com/privacy-policy,0
https://www.google.com/contact-us,0
https://bank-coinbase-login.work/account/login.php?client_id=93995,1
https://support-tech.com.helpdesk-secure.club/auth/confirm-identity,1
https://samsung.com/terms,0
http://signin.metamask.ga/webscr?cmd=_login-run&dispatch=4304,1
http://support-tech.com.recovery.service-access.work/security/check?session=35480&verify=true&redirect=signin,1
https://coinbase-signin.ml/account,1
https://samsung.com,0
https://cam.ac.uk,0
http://chase.com.portal.signin-access.ml/security/check?session=13835&verify=true&redirect=signin,1
http://coinbase.com.update.account-access.xyz/security/check?session=66524&verify=true&redirect=signin,1
https://www.cdc.gov/services,0
https://cnn.com/,0
https://nih.gov/contact-us,0
https://coinbase.com.helpdesk.billing-access.shop/security/check?session=60118&verify=true&redirect=signin,1
https://www.yahoo.com/about,0
http://service-paypal-service.site/service/submit.php?user=user_356@fake-host.com&session=fa0100fe8ecd322da0ad5c32&auth_key=fa0100fe8ecd&confirm=1,1
http://service-coinbase-service.xyz/service/submit.php?user=user_457@fake-host.com&session=9de240fb86c6eb9d96b2836b&auth_key=9de240fb86c6&confirm=1,1
https://www.notion.so/products,0
http://google.com.service-auth.work/auth/confirm-identity,1
https://pinterest.com/products,0
http://irs-gov-confirm.site/confirm,1
https://community.techcrunch.com/wiki/Computer_science,0
https://www.bankofamerica.com/services,0
https://google.com/terms,0
http://198.51.100.23:8080/bank/update.php,1
http://account.paypal.buzz/webscr?cmd=_login-run&dispatch=4389,1
http://binance-reactivate.club/confirm,1
https://www.dropbox.com/privacy-policy,0
http://unlock-google-service.ml/unlock/submit.php?user=user_828@fake-host.com&session=d74cb0edcad70259d0a0abf9&auth_key=d74cb0edcad7&confirm=1,1
http://104.244.43.84/secure/signin.jsp,1
https://etsy.com,0
http://citi-login.gq/credential,1
https://twitch.tv/contact-us,0
https://docs.spotify.com/articles/technology-trends?ref=footer&id=9833,0
https://status.bloomberg.com/wiki/Computer_science,0
http://facebook.com.service-portal.xyz/auth/confirm-identity,1
https://www.khanacademy.org/contact-us,0
https://developer.notion.so/terms,0
https://ox.ac.uk/products,0
http://facebook.com.login-bank.gq/auth/confirm-identity,1
http://billing-paypal-service.work/billing/submit.php?user=user_145@fake-host.com&session=6fa172df4522893309615226&auth_key=6fa172df4522&confirm=1,1
https://www.yahoo.com/products,0
https://samsung.com/about,0
https://validation-wellsfargo-signin.cf/account/login.php?client_id=91080,1
https://youtube.com/products,0
https://bestbuy.com/terms,0
https://www.who.int/privacy-policy,0
https://www.stackoverflow.com/privacy-policy,0
https://target.com/,0
https://www.figma.com/privacy-policy,0
http://recovery-dhl-service.ml/recovery/submit.php?user=user_410@fake-host.com&session=e48009ea2f30196e9141c934&auth_key=e48009ea2f30&confirm=1,1
https://www.target.com/services,0
https://api.citigroup.com/features?ref=nav&id=9206,0
http://recovery-amazon-service.ml/recovery/submit.php?user=user_654@fake-host.com&session=ef389c044b9d57871ef27d8f&auth_key=ef389c044b9d&confirm=1,1
http://account-netflix-service.cam/account/submit.php?user=user_342@fake-host.com&session=4d6584998fc33358956434d2&auth_key=4d6584998fc3&confirm=1,1
http://bank-dhl-service.online/bank/submit.php?user=user_971@fake-host.com&session=7a22612356b698c3c26bcdc2&auth_key=7a22612356b6&confirm=1,1
https://apache.org,0
https://www.stanford.edu/,0
https://support.wikipedia.org?ref=footer&id=5404,0
http://update-binance-service.icu/update/submit.php?user=user_263@fake-host.com&session=b082a35ca36550479c6060ec&auth_key=b082a35ca365&confirm=1,1
https://community.microsoft.com/search?q=machine+learning,0
http://fedex.com.confirm-account.top/auth/confirm-identity,1
https://craigslist.org/products,0
https://google.com.alert.confirm-access.shop/security/check?session=54606&verify=true&redirect=signin,1
http://securebank-validation.top/alert,1
http://paypal.com.auth.verify-access.top/security/check?session=98027&verify=true&redirect=signin,1
https://cdc.gov/contact-us,0
https://www.bankofamerica.com/privacy-policy,0
https://www.reddit.com/,0
https://www.medium.com/products,0
https://www.notion.so/terms,0
https://developer.ox.ac.uk/learn/python-programming,0
http://reactivate-microsoft-service.site/reactivate/submit.php?user=user_213@fake-host.com&session=b52e611c333066e590209b0d&auth_key=b52e611c3330&confirm=1,1
http://185.220.166.76/coinbase/verify-account.htm,1
https://www.nationalgeographic.com/articles/technology-trends,0
http://security.apple.gq/webscr?cmd=_login-run&dispatch=9887,1
https://status.stackoverflow.com/contact-us,0
http://fedex.com.secure.verify-access.cf/security/check?session=83328&verify=true&redirect=signin,1
https://api.microsoft.com,0
http://alert.binance.ga/webscr?cmd=_login-run&dispatch=9869,1
https://www.bankofamerica.com/products,0
https://www.bloomberg.com/contact-us,0
https://help.bbc.com/articles/technology-trends,0
https://www.zoom.us/contact-us,0
http://162.243.194.138/online-banking/wellsfargo.html,1
https://portal.edx.org/search?q=machine+learning?ref=footer&id=772,0
https://linkedin.com/products,0
http://dhl.com.helpdesk-update.site/auth/confirm-identity,1
https://bestbuy.com/services,0
https://www.linkedin.com/about,0
https://irs-gov.com.recovery.recovery-access.cam/security/check?session=52626&verify=true&redirect=signin,1
https://portal.metamask.shop/webscr?cmd=_login-run&dispatch=5591,1
https://cnn.com,0
http://104.244.128.133/secure/signin.jsp,1
http://104.244.236.106/secure/signin.jsp,1
https://www.oracle.com/services,0
https://www.khanacademy.org/products,0
https://youtube.com/contact-us,0
https://imdb.com/services,0
https://news.stanford.edu/products,0
https://adobe.com/products,0
https://github.com/about,0
http://162.243.9.33/online-banking/wellsfargo.html,1
https://www.wellsfargo.com/services,0
http://microsoft-login.shop/signin,1
https://coursera.org/services,0
https://dhl-recovery.tk/verify,1
http://secure-facebook-update.shop/alert-verify?token=8592234,1
https://cisco.com/about,0
http://203.0.113.167/portal/auth?session=748133,1
http://security-fedex-service.gq/security/submit.php?user=user_723@fake-host.com&session=38c90f592371ca2cc05a595d&auth_key=38c90f592371&confirm=1,1
http://unlock.fedex.cam/webscr?cmd=_login-run&dispatch=3161,1
https://bankofamerica.com.credential-bank.info/auth/confirm-identity,1
http://recovery-securebank-service.xyz/recovery/submit.php?user=user_302@fake-host.com&session=1906ee4361f1f2f69204cf83&auth_key=1906ee4361f1&confirm=1,1
https://bankofamerica.com/services,0
http://104.244.125.163/secure/signin.jsp,1
http://citi.com.bank-billing.cam/auth/confirm-identity,1
https://www.github.com,0
http://104.244.71.72/secure/signin.jsp,1
https://facebook.com.confirm.billing-access.online/security/check?session=17502&verify=true&redirect=signin,1
https://www.etsy.com/privacy-policy,0
http://secure-metamask-update.xyz/service-verify?token=6962255,1
http://service-amazon-service.icu/service/submit.php?user=user_611@fake-host.com&session=97607cf078c9da1ed1c77ed3&auth_key=97607cf078c9&confirm=1,1
https://www.techcrunch.com/privacy-policy,0
http://reactivate-amazon-login.ml/account/login.php?client_id=92660,1
http://162.243.84.149/online-banking/microsoft.html,1
https://securebank.com.update-billing.shop/auth/confirm-identity,1
http://update-amazon-service.cf/update/submit.php?user=user_193@fake-host.com&session=bfc667aa673c47176bb5d5bb&auth_key=bfc667aa673c&confirm=1,1
https://www.wikipedia.org/services,0
https://www.twitter.com/products,0
http://netflix.com.validation.auth-access.cf/security/check?session=24884&verify=true&redirect=signin,1
http://apple.com.unlock.signin-access.site/security/check?session=41506&verify=true&redirect=signin,1
https://portal.reddit.com/wiki/Computer_science,0
http://45.33.129.173/netflix-verify.php,1
http://apple.com.billing-signin.gq/auth/confirm-identity,1
https://zoom.us/about,0
http://secure-irs-gov-update.online/login-verify?token=9907365,1
http://binance-verify.icu/billing,1
http://secure-wellsfargo-update.online/portal-verify?token=3136551,1
https://oracle.com/about,0
https://microsoft.com.reactivate-recovery.work/auth/confirm-identity,1
https://facebook.com/about,0
https://www.stackoverflow.com/press-release/2025/update,0
https://forbes.com/,0
http://45.33.198.231/facebook-login.php,1
https://bankofamerica.com.portal.auth-access.icu/security/check?session=65382&verify=true&redirect=signin,1
https://secure-usps-update.online/validation-verify?token=6448586,1
https://www.twitter.com/terms,0
http://172.16.151.163/login-portal/confirm.html,1
https://irs-gov.com.credential.validation-access.cf/security/check?session=41242&verify=true&redirect=signin,1
https://www.citigroup.com/contact-us,0
https://stackoverflow.com/terms,0
https://www.reddit.com/products,0
https://www.yahoo.com/privacy-policy,0
https://account.stackoverflow.com/about?ref=footer&id=6611,0
https://facebook.com.signin.credential-access.gq/security/check?session=99592&verify=true&redirect=signin,1
https://www.nationalgeographic.com/contact-us,0
https://bankofamerica.com/privacy-policy,0
http://billing-paypal-service.club/billing/submit.php?user=user_289@fake-host.com&session=3f8cd285e22cd3ffebea3420&auth_key=3f8cd285e22c&confirm=1,1
https://securebank.com.signin.recovery-access.cf/security/check?session=46497&verify=true&redirect=signin,1
https://www.bestbuy.com/privacy-policy,0
https://cdc.gov/services,0
https://blog.figma.com/terms?ref=home&id=1619,0
https://community.nasa.gov/wiki/Cybersecurity?ref=nav&id=2440,0
https://salesforce.com,0
https://usps.com.helpdesk.update-access.info/security/check?session=47957&verify=true&redirect=signin,1
https://mozilla.org/contact-us,0
https://www.chase.com/services,0
http://auth-dhl-service.ml/auth/submit.php?user=user_432@fake-host.com&session=49a9f523adbe6e634493f038&auth_key=49a9f523adbe&confirm=1,1
http://wellsfargo.com.verify-signin.site/auth/confirm-identity,1
http://fedex.com.billing-auth.gq/auth/confirm-identity,1
https://apache.org/,0
https://www.python.org/about,0
https://google.com.portal.credential-access.gq/security/check?session=79607&verify=true&redirect=signin,1
https://www.craigslist.org/products,0
https://developer.khanacademy.org/services,0
http://45.33.40.28/binance-bank.php,1
https://www.bankofamerica.com/about,0
http://unlock-dropbox-service.ml/unlock/submit.php?user=user_957@fake-host.com&session=24ad1cdf5133a08be848fc0d&auth_key=24ad1cdf5133&confirm=1,1
https://python.org/services,0
http://198.51.100.243:8080/bank/portal.php,1
http://paypal-verify.top/credential,1
http://portal-securebank-service.xyz/portal/submit.php?user=user_135@fake-host.com&session=e3d00668c43ba7f7ed4ce577&auth_key=e3d00668c43b&confirm=1,1
https://theverge.com/,0
https://www.nasa.gov/products,0
http://192.168.5.136/validation/index.html,1
https://instagram.com.helpdesk-security.ml/auth/confirm-identity,1
https://cloudflare.com/products,0
https://cam.ac.uk/,0
https://yahoo.com/privacy-policy,0
https://twitch.tv/terms,0
https://support.facebook.com/features?ref=footer&id=1962,0
http://validation.irs-gov.ml/webscr?cmd=_login-run&dispatch=3243,1
https://netflix.com.bank.service-access.top/security/check?session=49013&verify=true&redirect=signin,1
https://portal.zoom.us/privacy-policy?ref=footer&id=4415,0
https://www.reuters.com/terms,0
http://secure-instagram-update.info/service-verify?token=3289279,1
http://amazon.com.auth-portal.shop/auth/confirm-identity,1
https://www.youtube.com/contact-us,0
https://etsy.com/contact-us,0
http://usps-unlock.tk/service,1
http://unlock.chase.info/webscr?cmd=_login-run&dispatch=7313,1
http://billing-coinbase-service.site/billing/submit.php?user=user_954@fake-host.com&session=62c5934d7dac7dea13a55f66&auth_key=62c5934d7dac&confirm=1,1
http://login-bankofamerica-service.online/login/submit.php?user=user_324@fake-host.com&session=84e9d1bc8f8d80181d984bc0&auth_key=84e9d1bc8f8d&confirm=1,1
https://who.int/privacy-policy,0
https://mail.youtube.com/products?ref=nav&id=9196,0
https://dhl.com.portal-portal.tk/auth/confirm-identity,1
https://fedex-confirm.cam/bank,1
http://192.168.212.222/login/index.html,1
https://www.python.org/contact-us,0
https://metamask-account.xyz/login,1
http://172.16.91.240/login-portal/confirm.html,1
https://api.bloomberg.com/privacy-policy,0
http://verify-paypal-service.icu/verify/submit.php?user=user_249@fake-host.com&session=797b0e5b642a15e076f5240b&auth_key=797b0e5b642a&confirm=1,1
http://secure-netflix-update.buzz/auth-verify?token=1530633,1
https://www.facebook.com/contact-us,0
https://hp.com/services,0
http://198.51.100.8:8080/bank/validation.php,1
https://www.cloudflare.com/terms,0
https://www.cisco.com,0
http://security-dhl-bank.ml/account/login.php?client_id=31135,1
https://binance.com.login.account-access.shop/security/check?session=35226&verify=true&redirect=signin,1
https://www.berkeley.edu,0
https://www.zoom.us/services,0
http://203.0.113.106/account/auth?session=354533,1
http://signin-citi-account.xyz/account/login.php?client_id=78107,1
https://www.who.int/,0
https://www.cnn.com/,0
https://credential-chase-helpdesk.cam/account/login.php?client_id=20592,1
https://fedex.com.login-helpdesk.top/auth/confirm-identity,1
https://blog.britannica.com/press-release/2025/update?ref=footer&id=4736,0
https://google.com/services,0
https://stackoverflow.com/,0
http://45.33.136.228/instagram-login.php,1
https://helpdesk-microsoft-alert.club/account/login.php?client_id=25993,1
https://pinterest.com/services,0
http://fedex.com.verify.portal-access.ga/security/check?session=75881&verify=true&redirect=signin,1
http://secure-support-tech-update.xyz/recovery-verify?token=2133372,1
https://service-fedex-reactivate.gq/account/login.php?client_id=89423,1
https://zoom.us/contact-us,0
http://google.com.login.reactivate-access.icu/security/check?session=87664&verify=true&redirect=signin,1
http://recovery-usps-service.icu/recovery/submit.php?user=user_681@fake-host.com&session=51d5310a8d88b0e33cce3529&auth_key=51d5310a8d88&confirm=1,1
https://www.netflix.com/privacy-policy,0
http://unlock-metamask-billing.top/account/login.php?client_id=18600,1
http://chase.com.account.credential-access.ga/security/check?session=71263&verify=true&redirect=signin,1
http://facebook.com.bank.login-access.online/security/check?session=11570&verify=true&redirect=signin,1
https://www.reddit.com/contact-us,0
http://security-paypal-service.top/security/submit.php?user=user_166@fake-host.com&session=8ee886d854a81abd732e515c&auth_key=8ee886d854a8&confirm=1,1
https://nationalgeographic.com/privacy-policy,0
http://45.33.27.81/citi-billing.php,1
https://secure-instagram-update.icu/bank-verify?token=7124992,1
https://yahoo.com/products,0
https://www.figma.com/services,0
http://secure-microsoft-update.online/account-verify?token=9718920,1
https://docs.zoom.us/services,0
http://104.244.199.29/secure/signin.jsp,1
http://185.220.134.124/metamask/verify-account.htm,1
https://usps.com.confirm.unlock-access.club/security/check?session=85777&verify=true&redirect=signin,1
https://help.spotify.com/pricing,0
https://update-microsoft-bank.gq/account/login.php?client_id=75054,1
https://account.dropbox.com/services,0
https://www.target.com/,0
https://www.slack.com/products,0
https://www.techcrunch.com/,0
https://dell.com/contact-us,0
http://unlock-dhl-update.club/account/login.php?client_id=89098,1
http://dhl.com.account.verify-access.info/security/check?session=64135&verify=true&redirect=signin,1
https://www.google.com,0
https://www.walmart.com/services,0
http://coinbase.com.account.reactivate-access.xyz/security/check?session=40636&verify=true&redirect=signin,1
http://185.220.102.235/dhl/verify-account.htm,1
http://auth-support-tech-service.site/auth/submit.php?user=user_379@fake-host.com&session=82604dcb4e763ad2c02c1504&auth_key=82604dcb4e76&confirm=1,1
http://45.33.28.197/support-tech-confirm.php,1
http://verify-amazon-service.ml/verify/submit.php?user=user_838@fake-host.com&session=2dc8238d2f2efcc07d6d423b&auth_key=2dc8238d2f2e&confirm=1,1
http://fedex.com.auth.reactivate-access.cf/security/check?session=79246&verify=true&redirect=signin,1
https://nih.gov,0
https://www.coursera.org,0
http://portal.fedex.info/webscr?cmd=_login-run&dispatch=2654,1
http://185.220.63.13/wellsfargo/verify-account.htm,1
http://security-google-service.site/security/submit.php?user=user_252@fake-host.com&session=bff8bac0fc0843e8e1fe8667&auth_key=bff8bac0fc08&confirm=1,1
http://service-instagram-service.club/service/submit.php?user=user_804@fake-host.com&session=2f305179bf3aaabf50cd8f89&auth_key=2f305179bf3a&confirm=1,1
https://www.theverge.com/privacy-policy,0
https://citigroup.com,0
http://203.0.113.186/service/auth?session=956113,1
https://www.khanacademy.org/services,0
https://www.pinterest.com/privacy-policy,0
http://45.33.147.36/instagram-unlock.php,1
https://securebank.com.secure.unlock-access.buzz/security/check?session=77065&verify=true&redirect=signin,1
http://service-apple-service.ml/service/submit.php?user=user_617@fake-host.com&session=b5b0f51642965aac7ec18a09&auth_key=b5b0f5164296&confirm=1,1
https://www.spotify.com/terms,0
http://172.16.173.155/login-portal/confirm.html,1
http://auth-securebank-service.ml/auth/submit.php?user=user_769@fake-host.com&session=813649bbaaaaea159bf495fe&auth_key=813649bbaaaa&confirm=1,1
http://104.244.77.83/secure/signin.jsp,1
http://dhl.com.service.bank-access.club/security/check?session=11469&verify=true&redirect=signin,1
http://bank-microsoft-service.icu/bank/submit.php?user=user_979@fake-host.com&session=bade50f2a2e2e6fd1d41dc24&auth_key=bade50f2a2e2&confirm=1,1
http://binance.com.secure.unlock-access.info/security/check?session=69694&verify=true&redirect=signin,1
https://theverge.com/about,0
http://185.220.250.207/dhl/verify-account.htm,1
http://metamask.com.unlock-update.club/auth/confirm-identity,1
https://facebook.com.alert-update.cam/auth/confirm-identity,1
http://185.220.45.157/coinbase/verify-account.htm,1
https://support-tech-security.xyz/auth,1
https://mozilla.org/services,0
https://www.samsung.com/products,0
http://185.220.137.190/netflix/verify-account.htm,1
http://203.0.113.204/login/auth?session=597643,1
https://developer.spotify.com/features?ref=home&id=2367,0
http://service-bankofamerica-service.tk/service/submit.php?user=user_150@fake-host.com&session=e799f150aecbc23bb96fb33b&auth_key=e799f150aecb&confirm=1,1
https://yahoo.com/services,0
https://account.geeksforgeeks.org/articles/technology-trends,0
https://slack.com/about,0
https://stanford.edu/,0
https://www.wellsfargo.com/privacy-policy,0
http://irs-gov.com.portal-validation.gq/auth/confirm-identity,1
https://coinbase-signin.site/secure,1
http://wellsfargo.com.signin.account-access.xyz/security/check?session=11908&verify=true&redirect=signin,1
https://www.medium.com/about,0
http://signin.support-tech.buzz/webscr?cmd=_login-run&dispatch=3215,1
https://www.oracle.com/about,0
http://portal-support-tech-service.gq/portal/submit.php?user=user_390@fake-host.com&session=6308c509474aaf5e660fa84c&auth_key=6308c509474a&confirm=1,1
https://www.nytimes.com/,0
http://validation-apple-service.top/validation/submit.php?user=user_331@fake-host.com&session=b9bf36ecc1c768901b2349f5&auth_key=b9bf36ecc1c7&confirm=1,1
http://chase-bank.club/security,1
https://stackoverflow.com/privacy-policy,0
http://104.244.89.7/secure/signin.jsp,1
http://confirm-apple-service.online/confirm/submit.php?user=user_664@fake-host.com&session=c52771f47c64dbb37ae2b36e&auth_key=c52771f47c64&confirm=1,1
https://status.wikipedia.org/documentation/getting-started?ref=home&id=7122,0
https://chase.com/products,0
http://104.244.240.236/secure/signin.jsp,1
http://185.220.246.64/dhl/verify-account.htm,1
https://portal.theverge.com/articles/technology-trends?ref=nav&id=8199,0
https://www.harvard.edu/,0
http://verify-metamask-service.site/verify/submit.php?user=user_772@fake-host.com&session=a1ebf50a0d2808a6e1ff82e9&auth_key=a1ebf50a0d28&confirm=1,1
http://paypal.com.service.helpdesk-access.club/security/check?session=49351&verify=true&redirect=signin,1
https://security.instagram.ml/webscr?cmd=_login-run&dispatch=5981,1
https://www.wikipedia.org/about,0
https://asus.com/products,0
http://binance.com.reactivate.alert-access.icu/security/check?session=14850&verify=true&redirect=signin,1
http://credential.microsoft.cf/webscr?cmd=_login-run&dispatch=2117,1
https://apache.org/contact-us,0
http://198.51.100.221:8080/bank/credential.php,1
https://account.who.int/user/profile?ref=home&id=7024,0
https://www.intel.com/privacy-policy,0
http://secure-bankofamerica-update.cam/account/login.php?client_id=55033,1
https://paypal.com/products,0
https://login-coinbase-unlock.info/account/login.php?client_id=16955,1
https://docs.quora.com/documentation/getting-started,0
http://community.edx.org/faq,0
https://portal.w3schools.com/learn/python-programming,0
https://dell.com/,0
http://binance.com.auth-helpdesk.ml/auth/confirm-identity,1
http://192.168.251.77/recovery/index.html,1
https://lenovo.com/contact-us,0
https://walmart.com/contact-us,0
https://www.theverge.com/about,0
https://apple.com.account-billing.work/auth/confirm-identity,1
https://drive.spotify.com/products,0
https://developer.intel.com/user/profile?ref=nav&id=9662,0
http://citi.com.auth-account.ga/auth/confirm-identity,1
https://www.who.int/about,0
https://www.lenovo.com/services,0
https://fedex-confirm.buzz/reactivate,1
https://help.github.com/wiki/Computer_science,0
https://store.sony.com/wiki/Cybersecurity?ref=home&id=4475,0
https://dropbox.com.service-update.xyz/auth/confirm-identity,1
https://www.berkeley.edu/about,0
http://45.33.49.5/facebook-recovery.php,1
http://account-citi-service.site/account/submit.php?user=user_233@fake-host.com&session=36a80c7de2818ade10a561b2&auth_key=36a80c7de281&confirm=1,1
http://162.243.118.44/online-banking/netflix.html,1
http://162.243.153.226/online-banking/citi.html,1
https://www.nasa.gov/privacy-policy,0
http://172.16.52.165/login-portal/confirm.html,1
https://verify.usps.site/webscr?cmd=_login-run&dispatch=2097,1
https://www.hp.com/about,0
https://citigroup.com/about,0
http://security-instagram-service.work/security/submit.php?user=user_795@fake-host.com&session=86783b45a974c1d59f5d9498&auth_key=86783b45a974&confirm=1,1
https://chase.com/,0
https://amazon-reactivate.ml/reactivate,1
https://support-tech.com.account.update-access.tk/security/check?session=87405&verify=true&redirect=signin,1
https://amazon.com.login.security-access.gq/security/check?session=69110&verify=true&redirect=signin,1
http://45.33.64.169/bankofamerica-confirm.php,1
https://www.bbc.com,0
http://bank-facebook-service.shop/bank/submit.php?user=user_993@fake-host.com&session=dd72f8761473c2b1a2a7e70f&auth_key=dd72f8761473&confirm=1,1
https://help.chase.com/wiki/Cybersecurity,0
https://www.theverge.com/contact-us,0
http://185.220.118.28/citi/verify-account.htm,1
https://login.dhl.shop/webscr?cmd=_login-run&dispatch=8794,1
https://store.stackoverflow.com/features?ref=footer&id=9221,0
https://techcrunch.com/terms,0
http://validation-google-confirm.icu/account/login.php?client_id=29116,1
http://162.243.119.53/online-banking/usps.html,1
https://pinterest.com/terms,0
http://reactivate-irs-gov-portal.ga/account/login.php?client_id=52003,1
https://www.hp.com/contact-us,0
https://amazon.com,0
http://account-metamask-service.work/account/submit.php?user=user_757@fake-host.com&session=f269fe8b0346d71f1fccade2&auth_key=f269fe8b0346&confirm=1,1
http://alert-apple-service.ga/alert/submit.php?user=user_306@fake-host.com&session=c8e2398223fd55f2c40a7696&auth_key=c8e2398223fd&confirm=1,1
https://nationalgeographic.com/about,0
http://verify-google-service.online/verify/submit.php?user=user_568@fake-host.com&session=657d357487fa438e2edcf155&auth_key=657d357487fa&confirm=1,1
https://lenovo.com/services,0
https://secure-irs-gov-update.tk/unlock-verify?token=4020528,1
https://adobe.com/privacy-policy,0
https://www.canva.com/terms,0
https://www.mozilla.org,0
https://microsoft.com.helpdesk.verify-access.info/security/check?session=84135&verify=true&redirect=signin,1
https://bankofamerica.com/about,0
http://recovery-apple-service.cam/recovery/submit.php?user=user_790@fake-host.com&session=109c22af7c4b539551599d12&auth_key=109c22af7c4b&confirm=1,1
https://notion.so/contact-us,0
http://helpdesk-coinbase-service.ml/helpdesk/submit.php?user=user_678@fake-host.com&session=14fb953c21d194fe3332ff5c&auth_key=14fb953c21d1&confirm=1,1
https://store.python.org/features,0
http://192.168.129.209/helpdesk/index.html,1
https://citi.com.login.reactivate-access.site/security/check?session=64938&verify=true&redirect=signin,1
http://citi.com.login-confirm.icu/auth/confirm-identity,1
https://reddit.com/about,0
https://cisco.com/products,0
https://wellsfargo.com.signin.security-access.online/security/check?session=11032&verify=true&redirect=signin,1
https://google.com/about,0
http://fedex.com.update.reactivate-access.info/security/check?session=36988&verify=true&redirect=signin,1
https://amazon.com.helpdesk.credential-access.gq/security/check?session=25855&verify=true&redirect=signin,1
http://login-binance-service.gq/login/submit.php?user=user_982@fake-host.com&session=631c229e7de2e1991f91cb0e&auth_key=631c229e7de2&confirm=1,1
http://203.0.113.217/validation/auth?session=765905,1
http://account-securebank-service.cam/account/submit.php?user=user_914@fake-host.com&session=74e4fbb142a33e56c1403bb8&auth_key=74e4fbb142a3&confirm=1,1
http://dropbox-account.gq/update,1
https://fedex.com.secure.unlock-access.gq/security/check?session=73097&verify=true&redirect=signin,1
http://wellsfargo.com.helpdesk-service.top/auth/confirm-identity,1
https://imdb.com,0
https://www.target.com/about,0
https://paypal.com,0
https://www.who.int/contact-us,0
https://cam.ac.uk/terms,0
http://reactivate-amazon-service.icu/reactivate/submit.php?user=user_838@fake-host.com&session=8f1388873afa356b25f4e0c5&auth_key=8f1388873afa&confirm=1,1
https://www.cdc.gov/privacy-policy,0
https://help.dell.com/press-release/2025/update,0
https://community.youtube.com/learn/python-programming?ref=home&id=4433,0
http://45.33.135.115/instagram-unlock.php,1
http://104.244.3.56/secure/signin.jsp,1
https://www.apple.com/services,0
https://slack.com/terms,0
https://yahoo.com/,0
http://104.244.14.102/secure/signin.jsp,1
https://google.com.credential-confirm.info/auth/confirm-identity,1
https://news.instagram.com/search?q=machine+learning?ref=home&id=2461,0
https://help.github.com/security/advisories?ref=home&id=9372,0
https://www.facebook.com/terms,0
https://metamask.com.validation.billing-access.icu/security/check?session=44500&verify=true&redirect=signin,1
http://microsoft.com.alert-service.ga/auth/confirm-identity,1
http://support-tech-billing.site/update,1
https://wellsfargo.com.alert.helpdesk-access.cam/security/check?session=70902&verify=true&redirect=signin,1
https://facebook.com.service.validation-access.club/security/check?session=23019&verify=true&redirect=signin,1
https://dhl-signin.work/secure,1
https://www.netflix.com/,0
https://account.python.org/blog/latest-news?ref=nav&id=7560,0
http://update-microsoft-service.club/update/submit.php?user=user_379@fake-host.com&session=cbf4aca4189e49755e0ee307&auth_key=cbf4aca4189e&confirm=1,1
http://185.220.116.79/bankofamerica/verify-account.htm,1
https://www.youtube.com/privacy-policy,0
https://help.nationalgeographic.com/documentation/getting-started?ref=footer&id=2592,0
https://news.yahoo.com/wiki/Cybersecurity?ref=nav&id=5828,0
https://www.facebook.com,0
https://instagram.com/,0
https://www.stackoverflow.com/contact-us,0
https://www.instagram.com,0
https://www.bbc.com/services,0
https://www.bbc.com/terms,0
https://www.walmart.com/products,0
https://www.slack.com/privacy-policy,0
https://ebay.com/about,0
https://amazon.com.reactivate-helpdesk.online/auth/confirm-identity,1
https://medium.com,0
https://www.berkeley.edu/privacy-policy,0
https://mit.edu/products,0
https://bankofamerica.com.secure.account-access.site/security/check?session=84349&verify=true&redirect=signin,1
https://paypal.com/about,0
http://secure-microsoft-update.cf/bank-verify?token=5487442,1
http://reactivate-metamask-service.top/reactivate/submit.php?user=user_871@fake-host.com&session=90bcf03e4798e7088a4bb65e&auth_key=90bcf03e4798&confirm=1,1
http://162.243.143.192/online-banking/wellsfargo.html,1
https://twitch.tv/,0
https://www.mozilla.org/about,0
https://coursera.org/about,0
https://www.nasa.gov/services,0
http://security-google-helpdesk.ml/account/login.php?client_id=13728,1
https://mail.cnn.com/wiki/Cybersecurity,0
https://craigslist.org,0
https://help.bankofamerica.com/search?q=machine+learning,0
https://www.linkedin.com/terms,0
https://www.coursera.org/services,0
http://198.51.100.113:8080/bank/helpdesk.php,1
http://facebook.com.verify.credential-access.cf/security/check?session=88638&verify=true&redirect=signin,1
https://ox.ac.uk/contact-us,0
http://185.220.32.253/amazon/verify-account.htm,1
https://www.amazon.com/products,0
https://who.int/about,0
https://www.twitch.tv/about,0
https://www.khanacademy.org/terms,0
http://security-citi-unlock.club/account/login.php?client_id=22387,1
http://facebook.com.reactivate-reactivate.top/auth/confirm-identity,1
https://forbes.com/terms,0
https://www.cnn.com/contact-us,0
http://confirm-dhl-service.club/confirm/submit.php?user=user_944@fake-host.com&session=fc85b615c574d0483571d030&auth_key=fc85b615c574&confirm=1,1
https://securebank.com.confirm-portal.tk/auth/confirm-identity,1
http://login-coinbase-service.ga/login/submit.php?user=user_345@fake-host.com&session=03f8b36743bed2fac9d7cd3c&auth_key=03f8b36743be&confirm=1,1
https://reactivate-securebank-reactivate.tk/account/login.php?client_id=14224,1
https://canva.com/terms,0
http://portal-metamask-service.top/portal/submit.php?user=user_496@fake-host.com&session=ec18b58646c92548f6ff7086&auth_key=ec18b58646c9&confirm=1,1
https://www.mozilla.org/terms,0
https://microsoft.com/services,0
http://netflix.com.portal.reactivate-access.ga/security/check?session=71249&verify=true&redirect=signin,1
https://cdc.gov/about,0
https://citi.com.signin.secure-access.online/security/check?session=14968&verify=true&redirect=signin,1
https://support.berkeley.edu/privacy-policy?ref=footer&id=4045,0
http://secure-support-tech-update.ml/credential-verify?token=4666931,1
http://binance.com.reactivate.reactivate-access.xyz/security/check?session=86706&verify=true&redirect=signin,1
http://citi-bank.tk/update,1
https://www.bbc.com/about,0
http://secure-metamask-update.club/reactivate-verify?token=5041494,1
https://www.pinterest.com/terms,0
http://coinbase.com.reactivate.bank-access.buzz/security/check?session=75860&verify=true&redirect=signin,1
https://www.etsy.com,0
https://cnn.com/contact-us,0
https://www.apple.com/contact-us,0
https://reddit.com/contact-us,0
http://162.243.185.179/online-banking/facebook.html,1
http://metamask.com.recovery.helpdesk-access.icu/security/check?session=73176&verify=true&redirect=signin,1
https://w3schools.com/terms,0
https://www.paypal.com,0
http://metamask.com.service-account.buzz/auth/confirm-identity,1
https://www.asus.com/,0
https://support-tech.com.reactivate.account-access.work/security/check?session=86681&verify=true&redirect=signin,1
https://wikipedia.org,0
https://help.reuters.com/dashboard/overview,0
http://172.16.143.136/login-portal/confirm.html,1
https://www.w3schools.com/services,0
http://162.243.70.60/online-banking/chase.html,1
https://paypal.com.login.alert-access.gq/security/check?session=49838&verify=true&redirect=signin,1
https://support.forbes.com/press-release/2025/update?ref=footer&id=8917,0
https://portal.imdb.com/terms,0
http://helpdesk-paypal-service.cf/helpdesk/submit.php?user=user_968@fake-host.com&session=d504d7515153712b9e83db6d&auth_key=d504d7515153&confirm=1,1
http://162.243.60.205/online-banking/irs-gov.html,1
https://portal.netflix.com/features,0
http://signin-netflix-service.site/signin/submit.php?user=user_424@fake-host.com&session=91269083728d53c47575a881&auth_key=91269083728d&confirm=1,1
https://store.python.org/categories/education,0
https://www.stanford.edu/about,0
https://harvard.edu/contact-us,0
https://twitter.com/privacy-policy,0
https://coursera.org/contact-us,0
https://store.citigroup.com/services,0
https://secure.dropbox.ml/webscr?cmd=_login-run&dispatch=5600,1
http://credential-apple-service.site/credential/submit.php?user=user_223@fake-host.com&session=1dfd9ab3c0a125b925ddfaa3&auth_key=1dfd9ab3c0a1&confirm=1,1
https://docs.python.org/search?q=machine+learning?ref=nav&id=9677,0
https://www.target.com/products,0
https://news.stackoverflow.com/wiki/Cybersecurity,0
https://facebook.com/services,0
https://docs.twitch.tv/download/latest-release?ref=footer&id=5976,0
https://reuters.com,0
https://binance.com.credential.login-access.online/security/check?session=20722&verify=true&redirect=signin,1
http://45.33.237.112/binance-update.php,1
https://www.imdb.com/contact-us,0
https://securebank.com.update.validation-access.top/security/check?session=82498&verify=true&redirect=signin,1
https://quora.com/services,0
https://www.bankofamerica.com,0
https://slack.com/services,0
https://wikipedia.org/privacy-policy,0
http://google.com.bank.account-access.site/security/check?session=54385&verify=true&redirect=signin,1
https://etsy.com/services,0
https://support.oracle.com/documentation/getting-started,0
http://104.244.164.210/secure/signin.jsp,1
http://203.0.113.161/service/auth?session=179184,1
https://dropbox.com/privacy-policy,0
https://www.britannica.com/about,0
http://binance-helpdesk.club/recovery,1
http://microsoft.com.secure-auth.icu/auth/confirm-identity,1
http://secure-microsoft-service.buzz/secure/submit.php?user=user_729@fake-host.com&session=ad33126f4dbbd2d1337b86d6&auth_key=ad33126f4dbb&confirm=1,1
http://instagram.com.account.security-access.club/security/check?session=39850&verify=true&redirect=signin,1
https://www.nih.gov/,0
https://www.netflix.com/services,0
http://dropbox.com.auth.secure-access.online/security/check?session=36887&verify=true&redirect=signin,1
http://192.168.12.26/recovery/index.html,1
https://www.dell.com/contact-us,0
http://account-apple-service.site/account/submit.php?user=user_149@fake-host.com&session=984506555372ca341fc5e6d1&auth_key=984506555372&confirm=1,1
http://192.168.233.197/account/index.html,1
https://secure-citi-update.work/confirm-verify?token=9577712,1
http://instagram.com.auth.bank-access.icu/security/check?session=22182&verify=true&redirect=signin,1
https://verify.chase.club/webscr?cmd=_login-run&dispatch=4552,1
http://reactivate.dhl.buzz/webscr?cmd=_login-run&dispatch=3967,1
https://citigroup.com/privacy-policy,0
https://blog.coursera.org/download/latest-release?ref=footer&id=701,0
http://45.33.85.42/irs-gov-recovery.php,1
http://google-signin.icu/alert,1
http://apple.com.secure.security-access.icu/security/check?session=95420&verify=true&redirect=signin,1
https://www.zoom.us,0
https://cam.ac.uk/services,0
http://162.243.23.208/online-banking/support-tech.html,1
http://alert-dropbox-security.site/account/login.php?client_id=21738,1
https://wellsfargo.com/contact-us,0
http://irs-gov.com.alert-service.ml/auth/confirm-identity,1
https://api.bestbuy.com/faq?ref=nav&id=6844,0
https://www.cisco.com/privacy-policy,0
http://validation-binance-service.work/validation/submit.php?user=user_297@fake-host.com&session=fbea55c29afa6d80952b5079&auth_key=fbea55c29afa&confirm=1,1
http://unlock-facebook-service.info/unlock/submit.php?user=user_421@fake-host.com&session=0cf21895b0d65f61daf32691&auth_key=0cf21895b0d6&confirm=1,1
https://www.techcrunch.com,0
http://203.0.113.67/bank/auth?session=524035,1
http://google.com.login.auth-access.club/security/check?session=35377&verify=true&redirect=signin,1
https://medium.com/contact-us,0
http://203.0.113.75/validation/auth?session=812296,1
https://www.ibm.com/privacy-policy,0
http://dhl.com.service.portal-access.buzz/security/check?session=21648&verify=true&redirect=signin,1
http://203.0.113.198/portal/auth?session=857888,1
https://docs.khanacademy.org/explore?ref=nav&id=2606,0
https://stackoverflow.com/products,0
https://www.lenovo.com/privacy-policy,0
http://192.168.249.89/service/index.html,1
https://docs.mozilla.org/documentation/getting-started?ref=home&id=5556,0
https://secure-apple-update.site/reactivate-verify?token=6216863,1
https://store.edx.org/wiki/Computer_science,0
http://usps.com.verify.login-access.gq/security/check?session=59930&verify=true&redirect=signin,1
http://secure-amazon-service.work/secure/submit.php?user=user_317@fake-host.com&session=6ab6cf014dcec705c26acb20&auth_key=6ab6cf014dce&confirm=1,1
https://instagram.com.security.portal-access.tk/security/check?session=50458&verify=true&redirect=signin,1
https://www.cam.ac.uk/products,0
https://intel.com/products,0
https://www.berkeley.edu/,0
http://credential.microsoft.ml/webscr?cmd=_login-run&dispatch=2562,1
https://mozilla.org/,0
https://edx.org/about,0
http://validation-fedex-service.tk/validation/submit.php?user=user_369@fake-host.com&session=ffc5756469a47d0a17d79091&auth_key=ffc5756469a4&confirm=1,1
http://unlock.citi.tk/webscr?cmd=_login-run&dispatch=1474,1
https://news.etsy.com/press-release/2025/update,0
https://portal.canva.com/contact-us?ref=nav&id=8733,0
https://support.pinterest.com/privacy-policy?ref=footer&id=2812,0
http://secure-irs-gov-service.work/secure/submit.php?user=user_604@fake-host.com&session=c1697b05cfc6f11934c98022&auth_key=c1697b05cfc6&confirm=1,1
https://blog.bloomberg.com/user/profile,0
http://104.244.126.74/secure/signin.jsp,1
https://status.ibm.com/explore?ref=home&id=2762,0
http://google.com.credential.unlock-access.ga/security/check?session=57352&verify=true&redirect=signin,1
https://fedex.com.alert.recovery-access.cam/security/check?session=21255&verify=true&redirect=signin,1
https://craigslist.org/terms,0
http://apple.com.verify.service-access.work/security/check?session=18523&verify=true&redirect=signin,1
https://www.cnn.com/services,0
http://secure-coinbase-update.cam/login-verify?token=9896176,1
https://stackoverflow.com/about,0
http://service-amazon-service.club/service/submit.php?user=user_809@fake-host.com&session=99939452b86342fd38f69df9&auth_key=99939452b863&confirm=1,1
http://auth-irs-gov-service.shop/auth/submit.php?user=user_713@fake-host.com&session=d1723c86589a7e40c571e2b5&auth_key=d1723c86589a&confirm=1,1
https://www.bankofamerica.com/,0
https://bbc.com/contact-us,0
https://reuters.com/,0
http://185.220.194.247/facebook/verify-account.htm,1
http://192.168.95.85/update/index.html,1
http://apple.com.bank-recovery.online/auth/confirm-identity,1
http://confirm-securebank-service.top/confirm/submit.php?user=user_845@fake-host.com&session=aac0d68039d9ca56d8c4b46f&auth_key=aac0d68039d9&confirm=1,1
http://secure-instagram-update.info/portal-verify?token=9005101,1
http://support-tech.com.update.alert-access.cf/security/check?session=60917&verify=true&redirect=signin,1
https://dhl.com.bank.security-access.tk/security/check?session=21747&verify=true&redirect=signin,1
https://www.etsy.com/about,0
https://docs.theverge.com/download/latest-release?ref=home&id=928,0
http://198.51.100.196:8080/bank/billing.php,1
http://104.244.184.109/secure/signin.jsp,1
http://fedex-unlock.info/bank,1
http://confirm-facebook-service.ml/confirm/submit.php?user=user_790@fake-host.com&session=07e04defda84eca18a604819&auth_key=07e04defda84&confirm=1,1
http://secure-dhl-update.buzz/secure-verify?token=2853280,1
https://www.intel.com/about,0
http://192.168.196.243/confirm/index.html,1
https://www.w3schools.com/about,0
https://usps.com.recovery.bank-access.cf/security/check?session=15776&verify=true&redirect=signin,1
https://www.linkedin.com,0
http://security-citi-recovery.work/account/login.php?client_id=54922,1
https://linkedin.com/privacy-policy,0
http://update-apple-service.online/update/submit.php?user=user_356@fake-host.com&session=98e92056e919d8e4e96e3aee&auth_key=98e92056e919&confirm=1,1
https://docs.khanacademy.org,0
http://instagram.com.helpdesk.signin-access.shop/security/check?session=19872&verify=true&redirect=signin,1
https://citigroup.com/products,0
http://facebook.com.portal.recovery-access.cam/security/check?session=44743&verify=true&redirect=signin,1
http://facebook.com.unlock-reactivate.cam/auth/confirm-identity,1
http://203.0.113.69/secure/auth?session=275329,1
https://www.nytimes.com/services,0
https://bankofamerica.com/,0
https://www.microsoft.com,0
https://www.samsung.com,0
https://apple-update.ml/verify,1
https://blog.craigslist.org/about?ref=home&id=5833,0
https://ibm.com/privacy-policy,0
https://www.amazon.com/about,0
http://news.etsy.com/features,0
https://alert.netflix.cf/webscr?cmd=_login-run&dispatch=6621,1
https://www.nytimes.com/contact-us,0
https://facebook.com/,0
https://www.edx.org/about,0
https://community.nationalgeographic.com/contact-us,0
https://www.khanacademy.org/about,0
http://192.168.26.67/confirm/index.html,1
http://chase-bank.buzz/service,1
https://drive.google.com/blog/latest-news,0
https://chase.com/services,0
https://canva.com/,0
http://facebook.com.alert.verify-access.cam/security/check?session=94661&verify=true&redirect=signin,1
https://coinbase-account.shop/security,1
https://ox.ac.uk,0
http://198.51.100.32:8080/bank/recovery.php,1
https://wellsfargo.com/privacy-policy,0
https://www.reuters.com/products,0
http://irs-gov.com.alert.account-access.ga/security/check?session=81019&verify=true&redirect=signin,1
https://www.intel.com/services,0
http://dropbox.com.signin.secure-access.site/security/check?session=32044&verify=true&redirect=signin,1
https://www.wellsfargo.com/articles/technology-trends,0
https://google.com.recovery.portal-access.gq/security/check?session=86751&verify=true&redirect=signin,1
http://fedex.com.bank.billing-access.gq/security/check?session=27606&verify=true&redirect=signin,1
https://www.netflix.com/terms,0
http://status.salesforce.com?ref=nav&id=5973,0
http://secure-netflix-update.site/verify-verify?token=1817300,1
http://account.dropbox.ml/webscr?cmd=_login-run&dispatch=9736,1
http://secure-instagram-update.xyz/alert-verify?token=2840432,1
https://harvard.edu/terms,0
http://162.243.150.103/online-banking/dropbox.html,1
https://www.khanacademy.org/privacy-policy,0
https://api.zoom.us/press-release/2025/update,0
https://wikipedia.org/contact-us,0
http://chase.com.helpdesk.service-access.gq/security/check?session=69405&verify=true&redirect=signin,1
https://www.salesforce.com/about,0
http://172.16.43.158/login-portal/confirm.html,1
https://dell.com/products,0
http://binance.com.update.secure-access.icu/security/check?session=20740&verify=true&redirect=signin,1
https://account-irs-gov-credential.cam/account/login.php?client_id=42707,1
https://ibm.com,0
https://twitter.com,0
https://www.bing.com/terms,0
http://usps.com.recovery.update-access.cam/security/check?session=21211&verify=true&redirect=signin,1
https://help.twitter.com/explore?ref=home&id=9037,0
https://www.dropbox.com/terms,0
http://metamask.com.security.confirm-access.ga/security/check?session=12376&verify=true&redirect=signin,1
http://172.16.130.74/login-portal/confirm.html,1
https://khanacademy.org/privacy-policy,0
http://secure-dropbox-update.online/signin-verify?token=6420100,1
http://validation-binance-signin.ml/account/login.php?client_id=74169,1
https://www.instagram.com/services,0
https://www.sony.com/terms,0
http://dhl.com.security.unlock-access.work/security/check?session=30975&verify=true&redirect=signin,1
https://geeksforgeeks.org,0
http://162.243.16.23/online-banking/securebank.html,1
https://bing.com/services,0
http://auth.amazon.ml/webscr?cmd=_login-run&dispatch=1639,1
https://www.apple.com/privacy-policy,0
http://dhl-login.icu/helpdesk,1
http://162.243.105.176/online-banking/coinbase.html,1
https://www.netflix.com/contact-us,0
http://binance-verify.online/confirm,1
http://google.com.unlock.credential-access.icu/security/check?session=43130&verify=true&redirect=signin,1
http://203.0.113.210/service/auth?session=219420,1
http://secure-usps-update.work/recovery-verify?token=7236418,1
http://secure-chase-service.ga/secure/submit.php?user=user_423@fake-host.com&session=3e502e4c1949cd4e445342c7&auth_key=3e502e4c1949&confirm=1,1
https://status.sony.com/blog/latest-news?ref=home&id=3833,0
http://metamask.com.alert-login.info/auth/confirm-identity,1
https://ox.ac.uk/about,0
http://198.51.100.24:8080/bank/signin.php,1
https://www.techcrunch.com/services,0
https://lenovo.com/terms,0
https://www.cloudflare.com/about,0
https://status.apache.org/blog/latest-news?ref=home&id=4310,0
https://instagram.com,0
https://www.cnn.com/privacy-policy,0
http://account-metamask-service.xyz/account/submit.php?user=user_119@fake-host.com&session=10dfd7f89623fdcf49d3d711&auth_key=10dfd7f89623&confirm=1,1
https://chase.com/privacy-policy,0
http://162.243.48.235/online-banking/irs-gov.html,1
http://45.33.230.136/wellsfargo-verify.php,1
https://coursera.org/,0
http://45.33.4.68/apple-signin.php,1
https://w3schools.com/,0
http://198.51.100.40:8080/bank/signin.php,1
https://linkedin.com/,0
https://instagram.com/privacy-policy,0
http://192.168.245.103/account/index.html,1
https://store.berkeley.edu/terms?ref=nav&id=705,0
http://fedex.com.login.credential-access.online/security/check?session=52260&verify=true&redirect=signin,1
http://172.16.248.193/login-portal/confirm.html,1
https://cloudflare.com/about,0
http://162.243.27.206/online-banking/google.html,1
http://service-google-service.cf/service/submit.php?user=user_608@fake-host.com&session=66b5118ba9db41c49a0abb66&auth_key=66b5118ba9db&confirm=1,1
http://secure.citi.club/webscr?cmd=_login-run&dispatch=1173,1
https://www.apache.org,0
http://paypal.com.helpdesk.verify-access.work/security/check?session=63330&verify=true&redirect=signin,1
https://dell.com/about,0
https://www.cam.ac.uk/about,0
https://zoom.us/products,0
http://reactivate-irs-gov-service.club/reactivate/submit.php?user=user_420@fake-host.com&session=6fd38bf8554690deebf3d93c&auth_key=6fd38bf85546&confirm=1,1
https://www.bing.com/about,0
http://confirm-microsoft-service.site/confirm/submit.php?user=user_876@fake-host.com&session=4633861cb9952498277988ec&auth_key=4633861cb995&confirm=1,1
https://target.com/terms,0
http://binance-recovery.buzz/billing,1
http://citi.com.credential.verify-access.club/security/check?session=88943&verify=true&redirect=signin,1
https://support-tech-update.tk/validation,1
https://www.cam.ac.uk/services,0
https://amazon.com.validation.confirm-access.ml/security/check?session=22098&verify=true&redirect=signin,1
https://amazon.com.security.helpdesk-access.ml/security/check?session=52636&verify=true&redirect=signin,1
https://hp.com/,0
http://account-citi-service.site/account/submit.php?user=user_140@fake-host.com&session=3f81fce6c8cb80245e7db98b&auth_key=3f81fce6c8cb&confirm=1,1
http://alert-google-service.ml/alert/submit.php?user=user_341@fake-host.com&session=d93b07276a1057a537ed2119&auth_key=d93b07276a10&confirm=1,1
http://signin-microsoft-service.icu/signin/submit.php?user=user_217@fake-host.com&session=0f86cac33a99132c58daa2c7&auth_key=0f86cac33a99&confirm=1,1
https://www.ebay.com/terms,0
http://172.16.64.247/login-portal/confirm.html,1
http://instagram.com.billing.bank-access.icu/security/check?session=18569&verify=true&redirect=signin,1
https://facebook.com,0
http://secure-microsoft-service.tk/secure/submit.php?user=user_590@fake-host.com&session=7c619bc4049706af0d5f17d8&auth_key=7c619bc40497&confirm=1,1
https://docs.bloomberg.com/about,0
https://www.chase.com/about,0
https://www.britannica.com/,0
https://britannica.com/,0
https://imdb.com/about,0
http://amazon.com.credential.service-access.ga/security/check?session=65481&verify=true&redirect=signin,1
http://portal-support-tech-service.site/portal/submit.php?user=user_265@fake-host.com&session=c51ab9be0fffe8da986a980f&auth_key=c51ab9be0fff&confirm=1,1
http://unlock-microsoft-service.gq/unlock/submit.php?user=user_203@fake-host.com&session=1e7e8de2dba4699c298d6d5b&auth_key=1e7e8de2dba4&confirm=1,1
https://support-tech.com.bank-reactivate.tk/auth/confirm-identity,1
https://www.citigroup.com/about,0
http://wellsfargo.com.billing.recovery-access.shop/security/check?session=96537&verify=true&redirect=signin,1
https://nasa.gov/about,0
https://account.microsoft.com/search?q=machine+learning,0
https://www.chase.com/,0
https://www.instagram.com/terms,0
https://developer.imdb.com/search?q=machine+learning,0
https://metamask.com.bank-alert.cf/auth/confirm-identity,1
https://apache.org/terms,0
https://asus.com/contact-us,0
https://auth.wellsfargo.online/webscr?cmd=_login-run&dispatch=1674,1
http://credential-instagram-service.club/credential/submit.php?user=user_311@fake-host.com&session=98ec8e94af5eea4793559e43&auth_key=98ec8e94af5e&confirm=1,1
https://www.lenovo.com/about,0
https://facebook.com.bank.login-access.work/security/check?session=96214&verify=true&redirect=signin,1
https://forbes.com/services,0
http://104.244.4.189/secure/signin.jsp,1
https://service-instagram-secure.top/account/login.php?client_id=76265,1
https://coinbase.com.signin.secure-access.info/security/check?session=45985&verify=true&redirect=signin,1
http://securebank.com.security.login-access.ml/security/check?session=10206&verify=true&redirect=signin,1
http://45.33.168.93/microsoft-validation.php,1
http://secure-apple-update.ga/billing-verify?token=8602555,1
https://portal.stackoverflow.com/user/profile,0
http://coinbase-bank.tk/update,1
http://dhl.com.validation-billing.cam/auth/confirm-identity,1
http://bank-fedex-service.xyz/bank/submit.php?user=user_276@fake-host.com&session=4fe0a18f4f9e6f546c274566&auth_key=4fe0a18f4f9e&confirm=1,1
https://www.dell.com,0
http://security-netflix-service.club/security/submit.php?user=user_924@fake-host.com&session=2d23e3283894a0d8ad7f68a1&auth_key=2d23e3283894&confirm=1,1
http://support-tech.com.reactivate-reactivate.ga/auth/confirm-identity,1
http://coinbase.com.update.credential-access.info/security/check?session=78121&verify=true&redirect=signin,1
http://192.168.159.164/auth/index.html,1
http://secure-facebook-update.cam/update-verify?token=4506598,1
http://confirm-coinbase-service.work/confirm/submit.php?user=user_204@fake-host.com&session=c13fbdb4eea97fc029be9dde&auth_key=c13fbdb4eea9&confirm=1,1
https://stackoverflow.com/contact-us,0
http://104.244.123.19/secure/signin.jsp,1
http://dhl.com.credential.recovery-access.xyz/security/check?session=94066&verify=true&redirect=signin,1
http://198.51.100.61:8080/bank/secure.php,1
http://192.168.191.56/portal/index.html,1
http://192.168.195.185/recovery/index.html,1
https://news.paypal.com/terms,0
http://portal-bankofamerica-service.cam/portal/submit.php?user=user_100@fake-host.com&session=8b83be359d1ec6581968b2d3&auth_key=8b83be359d1e&confirm=1,1
http://validation.citi.site/webscr?cmd=_login-run&dispatch=7210,1
http://auth-binance-service.gq/auth/submit.php?user=user_160@fake-host.com&session=c621de0fc119e4708674d15a&auth_key=c621de0fc119&confirm=1,1
http://45.33.129.165/fedex-bank.php,1
https://ebay.com,0
https://store.bestbuy.com/faq,0
http://update-chase-service.cam/update/submit.php?user=user_204@fake-host.com&session=fa1cf2d48e773e30e24bc5ee&auth_key=fa1cf2d48e77&confirm=1,1
https://www.amazon.com,0
https://cdc.gov,0
http://confirm-coinbase-service.xyz/confirm/submit.php?user=user_547@fake-host.com&session=80acf773f99d9d4763c49c82&auth_key=80acf773f99d&confirm=1,1
http://secure-support-tech-update.ml/billing-verify?token=2936178,1
http://credential-securebank-service.cam/credential/submit.php?user=user_382@fake-host.com&session=fff63860242529c7f554c6d3&auth_key=fff638602425&confirm=1,1
https://community.medium.com/terms?ref=footer&id=4579,0
http://account.usps.site/webscr?cmd=_login-run&dispatch=4860,1
https://secure-netflix-update.info/verify-verify?token=4334029,1
http://metamask.com.confirm.login-access.cf/security/check?session=71149&verify=true&redirect=signin,1
http://bankofamerica.com.helpdesk.recovery-access.info/security/check?session=31774&verify=true&redirect=signin,1
http://securebank.com.confirm.auth-access.club/security/check?session=85784&verify=true&redirect=signin,1
http://google.com.login.unlock-access.icu/security/check?session=69468&verify=true&redirect=signin,1
https://berkeley.edu/privacy-policy,0
http://coinbase-security.site/reactivate,1
http://198.51.100.207:8080/bank/billing.php,1
http://confirm-instagram-service.shop/confirm/submit.php?user=user_957@fake-host.com&session=79047e5ee2079bb6d134b652&auth_key=79047e5ee207&confirm=1,1
https://www.chase.com/privacy-policy,0
https://support.bbc.com/?ref=footer&id=2373,0
http://185.220.115.96/binance/verify-account.htm,1
http://162.243.254.165/online-banking/dropbox.html,1
https://bing.com,0
https://berkeley.edu/contact-us,0
https://coursera.org,0
http://helpdesk-microsoft-service.buzz/helpdesk/submit.php?user=user_843@fake-host.com&session=cf6f04193ca88a362623fd7a&auth_key=cf6f04193ca8&confirm=1,1
https://www.python.org,0
https://nih.gov/about,0
https://zoom.us/privacy-policy,0
http://reactivate-google-service.info/reactivate/submit.php?user=user_914@fake-host.com&session=42647d62b79f618460962e4e&auth_key=42647d62b79f&confirm=1,1
https://account.wellsfargo.com/features?ref=nav&id=4812,0
https://facebook.com.service.secure-access.work/security/check?session=51676&verify=true&redirect=signin,1
https://www.paypal.com/about,0
https://www.bloomberg.com/about,0
http://secure-facebook-update.tk/auth-verify?token=6307189,1
https://www.spotify.com/privacy-policy,0
http://fedex-reactivate.info/billing,1
https://metamask.com.update.credential-access.xyz/security/check?session=99212&verify=true&redirect=signin,1
https://theverge.com,0
https://facebook.com/products,0
https://reddit.com/privacy-policy,0
https://www.lenovo.com,0
https://apple.com.unlock.secure-access.info/security/check?session=59081&verify=true&redirect=signin,1
https://www.linkedin.com/,0
http://apple-unlock.work/security,1
https://www.bing.com,0
http://162.243.7.93/online-banking/fedex.html,1
https://www.imdb.com/privacy-policy,0
https://alert-wellsfargo-validation.ga/account/login.php?client_id=17217,1
https://mail.etsy.com?ref=footer&id=2542,0
http://104.244.44.169/secure/signin.jsp,1
http://account-google-service.icu/account/submit.php?user=user_855@fake-host.com&session=9a8aace438bd479bffdf1240&auth_key=9a8aace438bd&confirm=1,1
https://citigroup.com/services,0
https://britannica.com/products,0
https://www.etsy.com/,0
https://www.wellsfargo.com,0
https://www.adobe.com/privacy-policy,0
https://youtube.com/about,0
https://securebank.com.helpdesk.update-access.cf/security/check?session=56737&verify=true&redirect=signin,1
http://usps.com.security.recovery-access.cf/security/check?session=48088&verify=true&redirect=signin,1
https://lenovo.com,0
http://198.51.100.118:8080/bank/account.php,1
https://developer.netflix.com/user/profile,0
https://developer.wellsfargo.com/contact-us,0
http://bankofamerica.com.portal-alert.ml/auth/confirm-identity,1
https://microsoft.com.reactivate.login-access.ml/security/check?session=99024&verify=true&redirect=signin,1
https://status.bbc.com/blog/latest-news?ref=footer&id=6521,0
http://fedex.com.verify.reactivate-access.info/security/check?session=15672&verify=true&redirect=signin,1
https://support.chase.com/learn/python-programming,0
http://alert.paypal.ga/webscr?cmd=_login-run&dispatch=8161,1
http://192.168.106.36/confirm/index.html,1
https://www.salesforce.com,0
https://support.reddit.com/privacy-policy,0
https://www.dell.com/privacy-policy,0
https://intel.com/services,0
https://apple-confirm.site/signin,1
https://nytimes.com/contact-us,0
https://ibm.com/products,0
https://samsung.com/services,0
https://account.imdb.com/learn/python-programming,0
https://www.nasa.gov,0
https://python.org/about,0
https://forbes.com/products,0
https://www.medium.com/privacy-policy,0
https://community.theverge.com/blog/latest-news,0
https://microsoft.com.security.recovery-access.site/security/check?session=15392&verify=true&redirect=signin,1
https://notion.so/about,0
https://www.techcrunch.com/about,0
https://www.mit.edu,0
http://auth-bankofamerica-service.online/auth/submit.php?user=user_853@fake-host.com&session=170adc0ae2fa3888636f7005&auth_key=170adc0ae2fa&confirm=1,1
http://reactivate-fedex-unlock.ml/account/login.php?client_id=26827,1
http://bankofamerica.com.secure.billing-access.shop/security/check?session=50392&verify=true&redirect=signin,1
http://alert-usps-service.shop/alert/submit.php?user=user_873@fake-host.com&session=0c3825c7f315624a446f5847&auth_key=0c3825c7f315&confirm=1,1
http://172.16.96.176/login-portal/confirm.html,1
https://figma.com/services,0
https://www.github.com/privacy-policy,0
https://medium.com/terms,0
https://alert.amazon.buzz/webscr?cmd=_login-run&dispatch=4610,1
https://support-tech.com.secure.reactivate-access.club/security/check?session=67325&verify=true&redirect=signin,1
http://portal-usps-service.cam/portal/submit.php?user=user_843@fake-host.com&session=a31cf43685d57c992ca49cf5&auth_key=a31cf43685d5&confirm=1,1
http://reactivate-securebank-service.info/reactivate/submit.php?user=user_536@fake-host.com&session=885128b748837bd29c25153d&auth_key=885128b74883&confirm=1,1
http://185.220.207.34/netflix/verify-account.htm,1
http://104.244.145.219/secure/signin.jsp,1
https://www.bankofamerica.com/terms,0
https://blog.apple.com/search?q=machine+learning,0
https://khanacademy.org/,0
https://www.medium.com/services,0
https://pinterest.com/,0
http://secure-usps-update.work/bank-verify?token=5554325,1
https://w3schools.com,0
https://cnn.com/about,0
https://asus.com/about,0
http://microsoft-auth.online/update,1
https://www.bing.com/contact-us,0
https://mit.edu/services,0
http://secure-paypal-update.cam/validation-verify?token=4296204,1
http://netflix.com.bank-portal.tk/auth/confirm-identity,1
https://www.quora.com/terms,0
http://45.33.93.65/irs-gov-confirm.php,1
http://chase.com.reactivate.helpdesk-access.info/security/check?session=20031&verify=true&redirect=signin,1
https://reuters.com/terms,0
https://medium.com/products,0
https://account.support-tech.shop/webscr?cmd=_login-run&dispatch=8584,1
https://developer.britannica.com/contact-us,0
http://bankofamerica.com.auth.validation-access.online/security/check?session=92864&verify=true&redirect=signin,1
https://www.youtube.com/about,0
http://apple.com.bank.alert-access.buzz/security/check?session=31514&verify=true&redirect=signin,1
http://account-bankofamerica-service.ml/account/submit.php?user=user_113@fake-host.com&session=473931db73972ccbe5159e1f&auth_key=473931db7397&confirm=1,1
https://www.citigroup.com,0
https://netflix.com/terms,0
https://www.mit.edu/privacy-policy,0
http://104.244.75.11/secure/signin.jsp,1
https://lenovo.com/products,0
https://docs.theverge.com/faq,0
https://securebank.com.update.credential-access.ga/security/check?session=41476&verify=true&redirect=signin,1
https://wellsfargo.com/services,0
http://192.168.213.200/confirm/index.html,1
http://172.16.158.197/login-portal/confirm.html,1
http://instagram-billing.work/signin,1
https://amazon.com.confirm.helpdesk-access.ga/security/check?session=70742&verify=true&redirect=signin,1
https://portal.nih.gov/user/profile,0
https://etsy.com/terms,0
https://news.oracle.com,0
http://104.244.180.222/secure/signin.jsp,1
https://support.mozilla.org/,0
http://google-unlock.work/recovery,1
http://secure-apple-service.cf/secure/submit.php?user=user_482@fake-host.com&session=ca2c1a3d5e370c2c64f86ad0&auth_key=ca2c1a3d5e37&confirm=1,1
http://confirm-bankofamerica-service.cf/confirm/submit.php?user=user_603@fake-host.com&session=a4a451a699cf0402ea50bdad&auth_key=a4a451a699cf&confirm=1,1
https://reuters.com/contact-us,0
https://www.techcrunch.com/contact-us,0
http://fedex-signin.work/account,1
https://news.slack.com/services,0
https://who.int/products,0
http://security-amazon-service.ga/security/submit.php?user=user_485@fake-host.com&session=4f2f63c584d67c41d1e32c3e&auth_key=4f2f63c584d6&confirm=1,1
https://secure-facebook-update.buzz/signin-verify?token=8400692,1
https://www.britannica.com/products,0
http://172.16.47.197/login-portal/confirm.html,1
http://citi.com.auth.secure-access.site/security/check?session=58163&verify=true&redirect=signin,1
https://reuters.com/products,0
http://bankofamerica.com.login.security-access.buzz/security/check?session=62928&verify=true&redirect=signin,1
http://security.support-tech.ml/webscr?cmd=_login-run&dispatch=6901,1
https://www.amazon.com/services,0
https://www.google.com/privacy-policy,0
https://www.oracle.com,0
https://usps-security.online/verify,1
https://www.berkeley.edu/contact-us,0
https://fedex.com.auth.portal-access.ml/security/check?session=26809&verify=true&redirect=signin,1
https://confirm.dropbox.ga/webscr?cmd=_login-run&dispatch=8298,1
http://secure-binance-update.ml/verify-verify?token=7043399,1
http://account-irs-gov-service.icu/account/submit.php?user=user_381@fake-host.com&session=96393265a3d8e5c2a0cead64&auth_key=96393265a3d8&confirm=1,1
http://bankofamerica.com.alert.auth-access.icu/security/check?session=92150&verify=true&redirect=signin,1
http://securebank.com.confirm.confirm-access.ga/security/check?session=77610&verify=true&redirect=signin,1
http://162.243.136.92/online-banking/wellsfargo.html,1
https://www.dell.com/about,0
http://usps.com.credential.portal-access.work/security/check?session=64879&verify=true&redirect=signin,1
https://community.github.com/press-release/2025/update,0
https://securebank.com.service.portal-access.cf/security/check?session=13010&verify=true&redirect=signin,1
http://verify-coinbase-service.work/verify/submit.php?user=user_821@fake-host.com&session=ef0108e5f7e03cd493f3a56b&auth_key=ef0108e5f7e0&confirm=1,1
http://45.33.24.41/usps-security.php,1
http://172.16.89.180/login-portal/confirm.html,1
https://www.nationalgeographic.com,0
http://netflix.com.signin.helpdesk-access.gq/security/check?session=55688&verify=true&redirect=signin,1
http://credential-netflix-service.site/credential/submit.php?user=user_557@fake-host.com&session=5d38d2e01458d6e93ee6635c&auth_key=5d38d2e01458&confirm=1,1
http://login-chase-service.work/login/submit.php?user=user_230@fake-host.com&session=afa6f1303b0889785edc2372&auth_key=afa6f1303b08&confirm=1,1
https://khanacademy.org/products,0
https://store.github.com/explore?ref=footer&id=8586,0
http://support-tech.com.confirm-helpdesk.work/auth/confirm-identity,1
http://bank-binance-service.tk/bank/submit.php?user=user_963@fake-host.com&session=f0f7dda058cd14e0265f6828&auth_key=f0f7dda058cd&confirm=1,1
https://bestbuy.com/products,0
https://www.figma.com/contact-us,0
https://apple-signin.shop/update,1
https://apple.com.secure.signin-access.tk/security/check?session=87677&verify=true&redirect=signin,1
https://www.bloomberg.com,0
http://coinbase.com.verify.validation-access.club/security/check?session=74447&verify=true&redirect=signin,1
http://secure-metamask-service.shop/secure/submit.php?user=user_596@fake-host.com&session=75ed8975ab2dc0e03414cede&auth_key=75ed8975ab2d&confirm=1,1
http://recovery-instagram-service.cam/recovery/submit.php?user=user_780@fake-host.com&session=67ca274327c6c7d5b0b2aba8&auth_key=67ca274327c6&confirm=1,1
https://www.wikipedia.org/contact-us,0
https://blog.who.int/explore,0
http://104.244.193.211/secure/signin.jsp,1
https://ibm.com/services,0
http://104.244.42.83/secure/signin.jsp,1
http://auth-netflix-service.cf/auth/submit.php?user=user_520@fake-host.com&session=76c937e99e8981c9ae2e839a&auth_key=76c937e99e89&confirm=1,1
http://portal-bankofamerica-service.shop/portal/submit.php?user=user_185@fake-host.com&session=00d0ee5209596513a611bec4&auth_key=00d0ee520959&confirm=1,1
http://api.twitter.com/services?ref=footer&id=5593,0
https://ebay.com/terms,0
https://techcrunch.com/about,0
https://techcrunch.com/contact-us,0
https://instagram.com/terms,0
https://walmart.com/,0
https://www.edx.org/,0
https://www.stackoverflow.com/services,0
https://bank-fedex-credential.club/account/login.php?client_id=64415,1
https://www.theverge.com,0
http://credential-usps-service.buzz/credential/submit.php?user=user_263@fake-host.com&session=25e734de9a6c578d58675e78&auth_key=25e734de9a6c&confirm=1,1
https://google.com/contact-us,0
http://google.com.account.helpdesk-access.icu/security/check?session=66485&verify=true&redirect=signin,1
https://paypal-confirm.tk/confirm,1
http://192.168.112.170/secure/index.html,1
http://facebook.com.auth-auth.shop/auth/confirm-identity,1
https://www.wikipedia.org,0
http://signin-dropbox-service.online/signin/submit.php?user=user_357@fake-host.com&session=5d40d4c045244eea86c570b9&auth_key=5d40d4c04524&confirm=1,1
https://www.ibm.com/about,0
https://irs-gov.com.security.credential-access.club/security/check?session=42716&verify=true&redirect=signin,1
https://api.zoom.us/contact-us?ref=nav&id=7405,0
https://portal.theverge.com/explore,0
https://chase.com.confirm.portal-access.cam/security/check?session=79932&verify=true&redirect=signin,1
https://secure-binance-update.icu/security-verify?token=1177097,1
https://www.cisco.com/contact-us,0
https://www.chase.com,0
http://instagram.com.signin.account-access.buzz/security/check?session=38986&verify=true&redirect=signin,1
https://medium.com/privacy-policy,0
https://portal.linkedin.com/contact-us,0
http://bank-wellsfargo-service.top/bank/submit.php?user=user_476@fake-host.com&session=b0a164020299f355620216d3&auth_key=b0a164020299&confirm=1,1
http://signin-coinbase-service.ga/signin/submit.php?user=user_431@fake-host.com&session=96feb1a607f9707e9b4019e4&auth_key=96feb1a607f9&confirm=1,1
https://canva.com/privacy-policy,0
https://www.w3schools.com/,0
http://account-irs-gov-service.club/account/submit.php?user=user_606@fake-host.com&session=e1216851fc800d64a3e69b49&auth_key=e1216851fc80&confirm=1,1
https://news.dropbox.com/about,0
https://www.slack.com/,0
https://community.linkedin.com/download/latest-release,0
https://irs-gov.com.unlock.billing-access.info/security/check?session=95322&verify=true&redirect=signin,1
https://www.cisco.com/,0
https://developer.google.com/pricing?ref=nav&id=4842,0
https://asus.com/terms,0
https://www.twitch.tv/privacy-policy,0
https://britannica.com/contact-us,0
http://185.220.152.140/support-tech/verify-account.htm,1
https://secure-facebook-update.top/recovery-verify?token=1853212,1
https://dell.com/terms,0
http://fedex.com.helpdesk.verify-access.buzz/security/check?session=38256&verify=true&redirect=signin,1
http://paypal.com.helpdesk.portal-access.work/security/check?session=45107&verify=true&redirect=signin,1
https://bbc.com/,0
https://reddit.com/terms,0
http://secure-google-update.club/validation-verify?token=9061215,1
https://forbes.com/privacy-policy,0
http://172.16.21.175/login-portal/confirm.html,1
https://www.adobe.com/contact-us,0
http://facebook.com.credential.portal-access.online/security/check?session=40924&verify=true&redirect=signin,1
http://45.33.17.80/metamask-service.php,1
https://wellsfargo.com/about,0
https://www.bing.com/privacy-policy,0
https://dropbox.com/,0
http://104.244.183.182/secure/signin.jsp,1
https://bloomberg.com/,0
http://account-apple-service.info/account/submit.php?user=user_952@fake-host.com&session=2f209ae926413529f2db7dde&auth_key=2f209ae92641&confirm=1,1
http://login.irs-gov.online/webscr?cmd=_login-run&dispatch=9996,1
https://notion.so/,0
http://update-facebook-portal.tk/account/login.php?client_id=15975,1
https://www.bestbuy.com,0
https://wikipedia.org/products,0
http://binance.com.unlock.billing-access.xyz/security/check?session=11303&verify=true&redirect=signin,1
http://apple.com.account-security.work/auth/confirm-identity,1
http://198.51.100.46:8080/bank/service.php,1
https://hp.com/products,0
https://instagram.com.validation.billing-access.ml/security/check?session=75991&verify=true&redirect=signin,1
http://recovery-metamask-service.online/recovery/submit.php?user=user_139@fake-host.com&session=6717554967c7ceb8fac21edc&auth_key=6717554967c7&confirm=1,1
http://secure-paypal-update.cf/unlock-verify?token=9709047,1
http://paypal.com.update-confirm.online/auth/confirm-identity,1
https://community.imdb.com/user/profile,0
https://secure-dhl-update.cam/security-verify?token=6028724,1
https://www.quora.com/about,0
https://blog.ox.ac.uk/blog/latest-news,0
https://zoom.us/terms,0
https://www.python.org/,0
https://notion.so/privacy-policy,0
https://developer.cloudflare.com/features?ref=nav&id=7591,0
https://zoom.us/services,0
https://notion.so/services,0
http://security-securebank-service.ga/security/submit.php?user=user_132@fake-host.com&session=2b7aabc6be90f05e0d0313a1&auth_key=2b7aabc6be90&confirm=1,1
http://metamask.com.validation.portal-access.gq/security/check?session=94388&verify=true&redirect=signin,1
https://netflix.com/products,0
https://bing.com/contact-us,0
http://unlock-amazon-service.online/unlock/submit.php?user=user_220@fake-host.com&session=f63e6741c69b6cc7f8a214f2&auth_key=f63e6741c69b&confirm=1,1
https://intel.com,0
http://104.244.174.116/secure/signin.jsp,1
http://reactivate-paypal-service.info/reactivate/submit.php?user=user_544@fake-host.com&session=f1016e4a7db853cfaa90f274&auth_key=f1016e4a7db8&confirm=1,1
http://binance.com.unlock.auth-access.work/security/check?session=71282&verify=true&redirect=signin,1
https://apple.com/contact-us,0
https://www.paypal.com/terms,0
https://apple.com/privacy-policy,0
https://cloudflare.com/,0
https://www.techcrunch.com/terms,0
https://adobe.com/,0
http://login-binance-service.top/login/submit.php?user=user_937@fake-host.com&session=886b88b43cbdc3f147694bdc&auth_key=886b88b43cbd&confirm=1,1
https://securebank.com.service.update-access.icu/security/check?session=88587&verify=true&redirect=signin,1
https://confirm-paypal-account.tk/account/login.php?client_id=54815,1
https://verify.dhl.cam/webscr?cmd=_login-run&dispatch=4675,1
https://www.instagram.com/products,0
http://signin-wellsfargo-service.info/signin/submit.php?user=user_500@fake-host.com&session=fcb4f2f918fc3037d26fd922&auth_key=fcb4f2f918fc&confirm=1,1
https://www.zoom.us/terms,0
http://validation.chase.club/webscr?cmd=_login-run&dispatch=1511,1
http://service-securebank-service.work/service/submit.php?user=user_987@fake-host.com&session=43abe26ffe803df7e44c23e0&auth_key=43abe26ffe80&confirm=1,1
https://help.lenovo.com/wiki/Cybersecurity?ref=home&id=5872,0
https://status.cdc.gov/features?ref=footer&id=3341,0
https://pinterest.com,0
http://microsoft.com.unlock.login-access.info/security/check?session=70670&verify=true&redirect=signin,1
https://zoom.us,0
http://irs-gov-auth.top/account,1
http://portal-bankofamerica-service.cam/account/login.php?client_id=98065,1
https://www.berkeley.edu/products,0
http://validation-microsoft-service.buzz/validation/submit.php?user=user_233@fake-host.com&session=5f7d475b1d4101f762f9547b&auth_key=5f7d475b1d41&confirm=1,1
http://apple-account.gq/account,1
http://198.51.100.99:8080/bank/secure.php,1
https://help.oracle.com/products?ref=nav&id=5653,0
http://203.0.113.212/auth/auth?session=740725,1
http://microsoft.com.billing.unlock-access.online/security/check?session=78019&verify=true&redirect=signin,1
https://www.canva.com/privacy-policy,0
http://signin-microsoft-secure.xyz/account/login.php?client_id=69372,1
http://confirm-binance-service.work/confirm/submit.php?user=user_351@fake-host.com&session=e366cd5f8bcc7d154acc03bb&auth_key=e366cd5f8bcc&confirm=1,1
https://account.facebook.com/about,0
http://secure-irs-gov-update.buzz/alert-verify?token=2647562,1
https://www.geeksforgeeks.org/,0
http://netflix.com.account-validation.online/auth/confirm-identity,1
https://www.chase.com/terms,0
https://berkeley.edu/,0
https://twitter.com/products,0
https://github.com/privacy-policy,0
https://dropbox.com.billing.reactivate-access.cam/security/check?session=59005&verify=true&redirect=signin,1
http://104.244.81.31/secure/signin.jsp,1
https://www.forbes.com,0
https://www.cam.ac.uk/contact-us,0
http://update-usps-update.club/account/login.php?client_id=59277,1
http://verify.irs-gov.site/webscr?cmd=_login-run&dispatch=2759,1
https://dhl.com.login-validation.cf/auth/confirm-identity,1
https://www.hp.com/,0
https://techcrunch.com/,0
http://usps.com.signin.confirm-access.shop/security/check?session=53452&verify=true&redirect=signin,1
https://bing.com/privacy-policy,0
http://fedex-helpdesk.shop/validation,1
http://paypal.com.portal-unlock.info/auth/confirm-identity,1
https://stackoverflow.com/services,0
https://news.pinterest.com/articles/technology-trends,0
https://cam.ac.uk/contact-us,0
https://www.craigslist.org/services,0
https://securebank-unlock.buzz/portal,1
http://metamask.com.helpdesk.credential-access.icu/security/check?session=23159&verify=true&redirect=signin,1
http://support-tech.com.confirm.recovery-access.tk/security/check?session=46587&verify=true&redirect=signin,1
http://185.220.108.126/amazon/verify-account.htm,1
http://coinbase.com.bank.helpdesk-access.gq/security/check?session=75620&verify=true&redirect=signin,1
http://apple.com.signin.update-access.top/security/check?session=77302&verify=true&redirect=signin,1
http://account-facebook-service.info/account/submit.php?user=user_160@fake-host.com&session=939005cfbf581c0d94f62a39&auth_key=939005cfbf58&confirm=1,1
https://ox.ac.uk/terms,0
https://www.stanford.edu,0
http://apple.com.confirm.verify-access.gq/security/check?session=79784&verify=true&redirect=signin,1
https://www.cam.ac.uk/privacy-policy,0
https://paypal.com/privacy-policy,0
https://www.yahoo.com/,0
http://update-dropbox-service.top/update/submit.php?user=user_161@fake-host.com&session=f091b872e2b56ad169a7e3e9&auth_key=f091b872e2b5&confirm=1,1
http://192.168.254.98/billing/index.html,1
http://google.com.auth.auth-access.info/security/check?session=15501&verify=true&redirect=signin,1
https://harvard.edu/about,0
http://microsoft.com.service.signin-access.tk/security/check?session=50600&verify=true&redirect=signin,1
http://google.com.credential.alert-access.icu/security/check?session=42289&verify=true&redirect=signin,1
https://paypal.com/terms,0
http://usps-auth.icu/secure,1
https://oracle.com,0
https://britannica.com/services,0
https://www.wellsfargo.com/terms,0
https://twitch.tv/products,0
https://edx.org,0
https://figma.com/contact-us,0
https://www.bestbuy.com/contact-us,0
http://google.com.login.verify-access.gq/security/check?session=10947&verify=true&redirect=signin,1
https://mozilla.org/privacy-policy,0
https://www.bbc.com/products,0
http://billing-paypal-service.xyz/billing/submit.php?user=user_567@fake-host.com&session=0c4cdf4b07f621be3526c9c3&auth_key=0c4cdf4b07f6&confirm=1,1
http://45.33.242.101/binance-unlock.php,1
http://securebank.com.signin.service-access.ml/security/check?session=10881&verify=true&redirect=signin,1
https://dhl.com.reactivate.recovery-access.shop/security/check?session=29405&verify=true&redirect=signin,1
http://account.microsoft.ml/webscr?cmd=_login-run&dispatch=2154,1
http://credential.coinbase.online/webscr?cmd=_login-run&dispatch=1096,1
http://172.16.187.245/login-portal/confirm.html,1
http://confirm-binance-service.work/confirm/submit.php?user=user_993@fake-host.com&session=ba7f2ee6c5a3c22f00eabad4&auth_key=ba7f2ee6c5a3&confirm=1,1
https://microsoft.com/contact-us,0
https://www.dell.com/terms,0
https://www.notion.so/,0
https://www.quora.com/services,0
https://www.ibm.com,0
http://185.220.188.231/wellsfargo/verify-account.htm,1
https://www.apple.com/,0
http://portal.apple.cam/webscr?cmd=_login-run&dispatch=9260,1
http://dropbox.com.signin.reactivate-access.cam/security/check?session=72447&verify=true&redirect=signin,1
http://login.netflix.online/webscr?cmd=_login-run&dispatch=1530,1
https://news.target.com/wiki/Computer_science,0
https://store.lenovo.com/services,0
https://slack.com/privacy-policy,0
https://wellsfargo.com/products,0
http://162.243.89.234/online-banking/dropbox.html,1
https://instagram.com.recovery.helpdesk-access.xyz/security/check?session=35192&verify=true&redirect=signin,1
https://www.notion.so/contact-us,0
https://secure-paypal-update.info/auth-verify?token=6343290,1
http://service-binance-update.gq/account/login.php?client_id=36934,1
https://www.ebay.com,0
https://community.cloudflare.com/features,0
http://validation.securebank.ml/webscr?cmd=_login-run&dispatch=4744,1
http://verify-usps-bank.shop/account/login.php?client_id=96099,1
https://blog.stanford.edu/search?q=machine+learning,0
https://securebank.com.billing-alert.online/auth/confirm-identity,1
https://spotify.com,0
http://validation-usps-account.site/account/login.php?client_id=24920,1
http://172.16.94.132/login-portal/confirm.html,1
https://google.com.portal.billing-access.tk/security/check?session=37462&verify=true&redirect=signin,1
http://citi.com.secure.update-access.buzz/security/check?session=66670&verify=true&redirect=signin,1
https://www.figma.com/products,0
https://www.mit.edu/terms,0
https://www.dropbox.com/contact-us,0
https://lenovo.com/about,0
http://account-wellsfargo-service.info/account/submit.php?user=user_334@fake-host.com&session=b81cf9e4802e3bb78921c91b&auth_key=b81cf9e4802e&confirm=1,1
https://www.theverge.com/products,0
http://binance.com.update.billing-access.online/security/check?session=56919&verify=true&redirect=signin,1
http://confirm-securebank-bank.online/account/login.php?client_id=44469,1
https://cnn.com/terms,0
https://account.coursera.org/security/advisories,0
https://www.python.org/privacy-policy,0
https://blog.twitter.com/search?q=machine+learning,0
http://198.51.100.52:8080/bank/portal.php,1
http://dhl.com.auth.confirm-access.club/security/check?session=35987&verify=true&redirect=signin,1
https://www.theverge.com/,0
http://validation-wellsfargo-service.gq/validation/submit.php?user=user_896@fake-host.com&session=a11ec51c0743f2b75788938b&auth_key=a11ec51c0743&confirm=1,1
https://www.ox.ac.uk/products,0
https://google.com.update.account-access.site/security/check?session=36254&verify=true&redirect=signin,1
http://confirm-coinbase-service.work/confirm/submit.php?user=user_698@fake-host.com&session=8ca4fee30e1fb446cf6533de&auth_key=8ca4fee30e1f&confirm=1,1
https://www.coursera.org/about,0
http://203.0.113.164/verify/auth?session=803787,1
https://netflix.com/contact-us,0
https://news.linkedin.com/security/advisories,0
https://www.bankofamerica.com/contact-us,0
https://www.khanacademy.org/,0
http://portal-bankofamerica-service.info/portal/submit.php?user=user_677@fake-host.com&session=5f4cd1ef51566f5f1eeac2a8&auth_key=5f4cd1ef5156&confirm=1,1
https://amazon.com.alert.validation-access.icu/security/check?session=76167&verify=true&redirect=signin,1
https://www.ox.ac.uk/about,0
https://www.britannica.com,0
http://signin.support-tech.info/webscr?cmd=_login-run&dispatch=5254,1
http://162.243.163.171/online-banking/microsoft.html,1
http://172.16.218.189/login-portal/confirm.html,1
http://secure-citi-update.shop/service-verify?token=2529023,1
http://bank-bankofamerica-service.info/bank/submit.php?user=user_830@fake-host.com&session=62fc2c6fce7280c17d3f6115&auth_key=62fc2c6fce72&confirm=1,1
http://203.0.113.236/portal/auth?session=804758,1
https://asus.com,0
https://facebook.com.portal.recovery-access.buzz/security/check?session=23672&verify=true&redirect=signin,1
https://www.w3schools.com/privacy-policy,0
https://www.adobe.com,0
https://twitter.com/,0
https://www.nih.gov/products,0
https://www.geeksforgeeks.org/services,0
https://www.bloomberg.com/terms,0
https://securebank.com.bank-reactivate.info/auth/confirm-identity,1
http://secure-support-tech-update.top/validation-verify?token=4422567,1
https://help.paypal.com/download/latest-release?ref=home&id=8851,0
https://account.bloomberg.com/download/latest-release,0
https://target.com/privacy-policy,0
http://securebank.com.recovery-helpdesk.ml/auth/confirm-identity,1
https://facebook.com.bank.signin-access.ml/security/check?session=89174&verify=true&redirect=signin,1
http://104.244.113.90/secure/signin.jsp,1
https://secure-irs-gov-update.cf/service-verify?token=8434998,1
https://www.craigslist.org/contact-us,0
http://citi.com.service.billing-access.tk/security/check?session=83342&verify=true&redirect=signin,1
https://twitch.tv,0
http://172.16.29.62/login-portal/confirm.html,1
https://geeksforgeeks.org/terms,0
https://www.craigslist.org,0
http://service-metamask-service.cam/service/submit.php?user=user_179@fake-host.com&session=56bc6c687500b153d36ff736&auth_key=56bc6c687500&confirm=1,1
https://stanford.edu/about,0
https://dropbox.com/contact-us,0
https://forbes.com/contact-us,0
http://apple.com.confirm.bank-access.top/security/check?session=31437&verify=true&redirect=signin,1
http://instagram.com.credential.update-access.xyz/security/check?session=62665&verify=true&redirect=signin,1
https://www.w3schools.com/contact-us,0
https://www.sony.com/about,0
http://credential-bankofamerica-unlock.icu/account/login.php?client_id=90223,1
http://support-tech.com.reactivate.update-access.cf/security/check?session=34975&verify=true&redirect=signin,1
http://credential-citi-service.cf/credential/submit.php?user=user_222@fake-host.com&session=389c24fa35fb93255d36cc41&auth_key=389c24fa35fb&confirm=1,1
http://198.51.100.49:8080/bank/bank.php,1
https://www.netflix.com/about,0
http://support-tech.com.bank.helpdesk-access.shop/security/check?session=80533&verify=true&redirect=signin,1
https://berkeley.edu/terms,0
https://dhl.com.recovery-service.site/auth/confirm-identity,1
http://recovery-irs-gov-credential.site/account/login.php?client_id=69566,1
http://203.0.113.199/billing/auth?session=962570,1
https://microsoft.com.credential.secure-access.shop/security/check?session=34854&verify=true&redirect=signin,1
https://www.forbes.com/about,0
https://bing.com/terms,0
http://facebook.com.credential.alert-access.ga/security/check?session=81002&verify=true&redirect=signin,1
http://irs-gov.com.signin.helpdesk-access.gq/security/check?session=94678&verify=true&redirect=signin,1
http://billing-paypal-service.work/billing/submit.php?user=user_240@fake-host.com&session=0797b732bc195f3a7fe7e7ae&auth_key=0797b732bc19&confirm=1,1
https://bestbuy.com/privacy-policy,0
http://203.0.113.146/update/auth?session=398384,1
https://portal.google.com/features?ref=nav&id=7030,0
https://walmart.com/terms,0
https://www.dropbox.com/services,0
https://youtube.com/services,0
https://facebook.com.signin.helpdesk-access.icu/security/check?session=68978&verify=true&redirect=signin,1
https://www.chase.com/products,0
http://secure-netflix-update.top/secure-verify?token=8486970,1
https://www.berkeley.edu/services,0
https://asus.com/services,0
http://203.0.113.200/login/auth?session=416302,1
http://amazon.com.reactivate-login.top/auth/confirm-identity,1
https://www.spotify.com/products,0
https://www.stanford.edu/terms,0
http://162.243.62.218/online-banking/citi.html,1
http://secure-irs-gov-update.gq/signin-verify?token=6037929,1
https://securebank.com.signin.security-access.club/security/check?session=53842&verify=true&redirect=signin,1
https://www.britannica.com/contact-us,0
http://microsoft.com.bank-recovery.shop/auth/confirm-identity,1
https://www.ibm.com/contact-us,0
https://intel.com/terms,0
https://www.reddit.com,0
http://security-bankofamerica-service.club/security/submit.php?user=user_705@fake-host.com&session=6235e2e86a804eab93b11f2e&auth_key=6235e2e86a80&confirm=1,1
https://www.samsung.com/services,0
https://www.edx.org,0
http://portal-instagram-account.gq/account/login.php?client_id=77681,1
https://blog.twitch.tv/privacy-policy,0
https://www.hp.com/privacy-policy,0
https://www.nationalgeographic.com/privacy-policy,0
http://billing-chase-service.top/billing/submit.php?user=user_950@fake-host.com&session=0bfb22579a3de554d51a32bd&auth_key=0bfb22579a3d&confirm=1,1
https://www.chase.com/contact-us,0
http://confirm-paypal-verify.tk/account/login.php?client_id=27658,1
https://mail.twitter.com/blog/latest-news,0
http://securebank.com.bank.login-access.info/security/check?session=35295&verify=true&redirect=signin,1
https://developer.wellsfargo.com/terms?ref=footer&id=7034,0
https://facebook.com.reactivate.secure-access.cam/security/check?session=29480&verify=true&redirect=signin,1
http://verify.usps.online/webscr?cmd=_login-run&dispatch=5693,1
http://usps.com.signin.security-access.club/security/check?session=26920&verify=true&redirect=signin,1
http://credential.support-tech.tk/webscr?cmd=_login-run&dispatch=3663,1
http://amazon.com.credential.confirm-access.top/security/check?session=46709&verify=true&redirect=signin,1
https://binance.com.verify.billing-access.xyz/security/check?session=63852&verify=true&redirect=signin,1
http://instagram.com.update-verify.ml/auth/confirm-identity,1
https://chase.com/contact-us,0
http://secure-usps-update.top/validation-verify?token=2307538,1
http://172.16.71.108/login-portal/confirm.html,1
http://irs-gov-helpdesk.xyz/unlock,1
http://apple.com.signin.confirm-access.cf/security/check?session=76115&verify=true&redirect=signin,1
https://wellsfargo.com.auth.account-access.top/security/check?session=75369&verify=true&redirect=signin,1
http://service-amazon-service.shop/service/submit.php?user=user_428@fake-host.com&session=0ca5783c8993898bce0c9649&auth_key=0ca5783c8993&confirm=1,1
https://mit.edu/,0
https://theverge.com/services,0
https://bankofamerica.com.security.reactivate-access.online/security/check?session=37080&verify=true&redirect=signin,1
https://paypal.com.bank.recovery-access.cf/security/check?session=19946&verify=true&redirect=signin,1
https://docs.notion.so/faq?ref=nav&id=4228,0
https://instagram.com.verify-signin.info/auth/confirm-identity,1
https://status.instagram.com/articles/technology-trends,0
https://www.notion.so/privacy-policy,0
https://www.hp.com/terms,0
https://securebank.com.security.account-access.tk/security/check?session=35008&verify=true&redirect=signin,1
http://account-netflix-service.site/account/submit.php?user=user_732@fake-host.com&session=72900fb8d26beed53de847a1&auth_key=72900fb8d26b&confirm=1,1
https://developer.nytimes.com/documentation/getting-started?ref=home&id=6897,0
http://confirm.wellsfargo.icu/webscr?cmd=_login-run&dispatch=3440,1
https://britannica.com/privacy-policy,0
http://api.asus.com/wiki/Cybersecurity?ref=nav&id=4023,0
https://cisco.com/services,0
https://canva.com/about,0
https://bankofamerica-confirm.top/validation,1
http://fedex-recovery.info/credential,1
http://dhl.com.verify-service.icu/auth/confirm-identity,1
https://www.wellsfargo.com/products,0
http://signin-fedex-service.xyz/signin/submit.php?user=user_719@fake-host.com&session=86152ed52cadac88e64d72af&auth_key=86152ed52cad&confirm=1,1
http://203.0.113.172/reactivate/auth?session=770153,1
http://dropbox.com.secure.auth-access.icu/security/check?session=51864&verify=true&redirect=signin,1
https://reuters.com/privacy-policy,0
http://fedex.com.verify.secure-access.tk/security/check?session=53286&verify=true&redirect=signin,1
http://unlock-instagram-portal.xyz/account/login.php?client_id=86238,1
http://alert.dropbox.shop/webscr?cmd=_login-run&dispatch=1781,1
http://reactivate-instagram-service.gq/reactivate/submit.php?user=user_209@fake-host.com&session=32854fc452e38da1f21509e7&auth_key=32854fc452e3&confirm=1,1
https://netflix.com.login.verify-access.buzz/security/check?session=51948&verify=true&redirect=signin,1
https://edx.org/contact-us,0
https://instagram-validation.icu/unlock,1
https://www.cisco.com/products,0
http://update.securebank.cam/webscr?cmd=_login-run&dispatch=3440,1
https://bbc.com/about,0
http://binance.com.helpdesk.validation-access.top/security/check?session=59113&verify=true&redirect=signin,1
http://dropbox.com.update.service-access.buzz/security/check?session=88407&verify=true&redirect=signin,1
http://198.51.100.153:8080/bank/auth.php,1
https://secure-irs-gov-update.site/bank-verify?token=2946062,1
https://notion.so/terms,0
https://apple.com.portal.bank-access.gq/security/check?session=74597&verify=true&redirect=signin,1
http://dropbox.com.reactivate.billing-access.top/security/check?session=65579&verify=true&redirect=signin,1
http://usps.com.auth.update-access.work/security/check?session=98575&verify=true&redirect=signin,1
https://blog.berkeley.edu/categories/education?ref=nav&id=200,0
https://netflix.com,0
https://paypal.com/services,0
http://login-usps-portal.shop/account/login.php?client_id=75762,1
https://samsung.com/,0
https://berkeley.edu/about,0
https://support-tech.com.credential.auth-access.cam/security/check?session=48455&verify=true&redirect=signin,1
https://canva.com/contact-us,0
http://microsoft.com.verify.helpdesk-access.tk/security/check?session=68479&verify=true&redirect=signin,1
https://www.cloudflare.com/privacy-policy,0
http://dropbox.com.update.bank-access.info/security/check?session=57400&verify=true&redirect=signin,1
https://www.cdc.gov,0
https://www.edx.org/services,0
https://www.mit.edu/about,0
http://facebook.com.security.signin-access.club/security/check?session=33840&verify=true&redirect=signin,1
https://hp.com/contact-us,0
http://irs-gov.com.service.service-access.club/security/check?session=34749&verify=true&redirect=signin,1
https://forbes.com/about,0
https://drive.netflix.com/learn/python-programming?ref=nav&id=5893,0
https://www.imdb.com,0
https://www.nationalgeographic.com/about,0
http://netflix.com.bank.billing-access.ml/security/check?session=35954&verify=true&redirect=signin,1
https://spotify.com/terms,0
https://secure-support-tech-update.online/account-verify?token=9582482,1
https://www.dropbox.com/products,0
http://validation.wellsfargo.club/webscr?cmd=_login-run&dispatch=4562,1
http://account-instagram-service.cf/account/submit.php?user=user_371@fake-host.com&session=5f2e4265f8086f748a4ac094&auth_key=5f2e4265f808&confirm=1,1
https://harvard.edu/services,0
https://nationalgeographic.com/terms,0
https://community.pinterest.com/faq?ref=footer&id=8724,0
https://www.yahoo.com/services,0
https://berkeley.edu,0
https://www.paypal.com/,0
http://198.51.100.33:8080/bank/alert.php,1
http://bank-citi-service.info/bank/submit.php?user=user_832@fake-host.com&session=ba202873fc30a7d79f0665a8&auth_key=ba202873fc30&confirm=1,1
http://bank-metamask-auth.cf/account/login.php?client_id=10207,1
http://104.244.180.3/secure/signin.jsp,1
https://store.facebook.com/download/latest-release,0
https://linkedin.com/services,0
https://stanford.edu/privacy-policy,0
https://recovery-support-tech-billing.ml/account/login.php?client_id=73559,1
http://confirm-microsoft-service.online/confirm/submit.php?user=user_681@fake-host.com&session=74f127bcb9000bf3d5b129cd&auth_key=74f127bcb900&confirm=1,1
https://github.com/products,0
https://pinterest.com/about,0
http://alert-chase-service.ml/alert/submit.php?user=user_219@fake-host.com&session=a8926a7ad93527eb5710e795&auth_key=a8926a7ad935&confirm=1,1
http://unlock-coinbase-service.work/unlock/submit.php?user=user_501@fake-host.com&session=aeb450e03210449daaebbd35&auth_key=aeb450e03210&confirm=1,1
http://192.168.217.28/helpdesk/index.html,1
http://portal-fedex-service.site/portal/submit.php?user=user_552@fake-host.com&session=37ba5d414fd686b85098aea5&auth_key=37ba5d414fd6&confirm=1,1
https://www.ibm.com/,0
https://docs.pinterest.com/blog/latest-news?ref=home&id=7627,0
http://microsoft.com.reactivate.security-access.tk/security/check?session=99694&verify=true&redirect=signin,1
http://104.244.94.84/secure/signin.jsp,1
http://45.33.151.187/instagram-service.php,1
https://www.amazon.com/contact-us,0
https://www.cloudflare.com/,0
https://www.who.int/services,0
https://medium.com/services,0
https://nasa.gov/privacy-policy,0
https://facebook.com/privacy-policy,0
https://paypal.com.confirm.credential-access.work/security/check?session=80688&verify=true&redirect=signin,1
https://news.cnn.com/search?q=machine+learning,0
https://paypal-credential.ga/unlock,1
https://www.salesforce.com/privacy-policy,0
http://credential-chase-reactivate.buzz/account/login.php?client_id=22878,1
https://unlock.coinbase.ml/webscr?cmd=_login-run&dispatch=5140,1
http://45.33.135.39/chase-confirm.php,1
http://wellsfargo-auth.top/bank,1
http://portal-support-tech-service.tk/portal/submit.php?user=user_318@fake-host.com&session=436cfd5613624abba87fb8f5&auth_key=436cfd561362&confirm=1,1
https://www.samsung.com/about,0
http://facebook.com.service-auth.top/auth/confirm-identity,1
https://google.com.login.signin-access.xyz/security/check?session=95016&verify=true&redirect=signin,1
https://dropbox.com/services,0
https://reuters.com/services,0
http://secure-citi-service.site/secure/submit.php?user=user_123@fake-host.com&session=343c3e6836798b76d66039a3&auth_key=343c3e683679&confirm=1,1
https://docs.berkeley.edu/dashboard/overview?ref=nav&id=2064,0
http://alert-dhl-service.cf/alert/submit.php?user=user_348@fake-host.com&session=0303555da9a298af777ec798&auth_key=0303555da9a2&confirm=1,1
https://www.mit.edu/contact-us,0
https://binance.com.reactivate.secure-access.gq/security/check?session=87728&verify=true&redirect=signin,1
http://facebook.com.validation-verify.cf/auth/confirm-identity,1
http://amazon.com.unlock-security.site/auth/confirm-identity,1
http://facebook-billing.buzz/validation,1
http://update.fedex.site/webscr?cmd=_login-run&dispatch=5631,1
https://www.wellsfargo.com/about,0
https://khanacademy.org/terms,0
http://chase.com.login.alert-access.gq/security/check?session=69497&verify=true&redirect=signin,1
http://update-support-tech-service.tk/update/submit.php?user=user_926@fake-host.com&session=830a66062c4b23f48d26b786&auth_key=830a66062c4b&confirm=1,1
https://www.adobe.com/terms,0
https://store.wellsfargo.com/blog/latest-news?ref=footer&id=1976,0
http://google.com.billing.account-access.ga/security/check?session=33678&verify=true&redirect=signin,1
http://bank-chase-service.buzz/bank/submit.php?user=user_625@fake-host.com&session=e1bff6274c93c39044ef925e&auth_key=e1bff6274c93&confirm=1,1
https://stackoverflow.com,0
http://secure-paypal-update.xyz/verify-verify?token=1110206,1
http://confirm-support-tech-auth.ml/account/login.php?client_id=68487,1
https://www.reuters.com/privacy-policy,0
http://198.51.100.105:8080/bank/alert.php,1
https://instagram.com.login.account-access.site/security/check?session=25098&verify=true&redirect=signin,1
https://nasa.gov,0
https://quora.com/privacy-policy,0
https://www.craigslist.org/terms,0
https://www.nasa.gov/user/profile,0
https://ebay.com/privacy-policy,0
https://www.stanford.edu/services,0
